governance_owner,platform_destination,readiness,qa_status,readiness_score,recommended_action,brand,current_brand,category,name,sku,ean,recoverable_fields,vitar_url,nasevitaminy_url
VITAR.cz B2C/D2C,New VITAR.cz commerce platform,review,review,82,keep_as_drinks_portfolio_review,Capri-Sun,Capri-Sun,Nápoje a pitný režim,"Capri-Sun Multivitamin 0,33 l",50600043,4000177162316,,https://www.vitar.cz/capri-sun-multivitamin-0-33-l/,
VITAR.cz B2C/D2C,New VITAR.cz commerce platform,review,review,72,keep_as_drinks_portfolio_review,Capri-Sun,Capri-Sun,Nápoje a pitný režim,"Capri-Sun Pomeranč + broskev 0,33 l",50183747,,,https://www.vitar.cz/capri-sun-pomeranc-broskev-0-33-l/,
Exclude / accessory decision,Do not import to main navigation until approved,blocked,blocked,58,exclude_from_main_or_accessories,Capri-Sun,Capri-Sun,Doplňky a merchandising,Capri-Sun Dětský batoh pejsek,39005056,3900505600000,,,https://www.nasevitaminy.cz/capri-sun-detsky-batoh
VITAR.cz B2C/D2C,New VITAR.cz commerce platform,ready,ready,96,keep_as_drinks_portfolio_review,Capri-Sun,Capri-Sun,Nápoje a pitný režim,"Capri-Sun Fairy drink 0,2 l",40000003,4000177033487,,https://www.vitar.cz/capri-sun-fairy-drink-0-2-l/,https://www.nasevitaminy.cz/capri-sun-fairy-drink-0-2-l
VITAR.cz B2C/D2C,New VITAR.cz commerce platform,ready,ready,96,keep_as_drinks_portfolio_review,Capri-Sun,Capri-Sun,Nápoje a pitný režim,"Capri-Sun Fun Alarm 0,2 l",40000142,4000177019276,,https://www.vitar.cz/capri-sun-monster-alarm-0-2-l/,https://www.nasevitaminy.cz/capri-sun-fun-alarm-0-2-l
VITAR.cz B2C/D2C,New VITAR.cz commerce platform,enrich_from_other_source,ready,89,keep_as_drinks_portfolio_review,Capri-Sun,Capri-Sun,Nápoje a pitný režim,Capri-Sun Mango + maracuja,50600047,4000177172650,form,https://www.vitar.cz/capri-sun-mango-maracuja-0-33-l/,https://www.nasevitaminy.cz/capri-sun-mango-maracuja-0-33-l
VITAR.cz B2C/D2C,New VITAR.cz commerce platform,ready,ready,91,keep_as_drinks_portfolio_review,Capri-Sun,Capri-Sun,Nápoje a pitný režim,Capri-Sun Multivitamin,50600043,4000177033708,,,https://www.nasevitaminy.cz/capri-sun-multivitamin-0-33-l
VITAR.cz B2C/D2C,New VITAR.cz commerce platform,ready,ready,96,keep_as_drinks_portfolio_review,Capri-Sun,Capri-Sun,Nápoje a pitný režim,"Capri-Sun Multivitamin 0,2 l",40000102,4000177407509,,https://www.vitar.cz/capri-sun-multivitamin-0-2-l/,https://www.nasevitaminy.cz/capri-sun-multivitamin-0-2-l
VITAR.cz B2C/D2C,New VITAR.cz commerce platform,ready,ready,96,keep_as_drinks_portfolio_review,Capri-Sun,Capri-Sun,Nápoje a pitný režim,"Capri-Sun Multivitamin Zero 0,2 l",40000015,4000177030035,,https://www.vitar.cz/capri-sun-multivitamin-zero-0-2-l/,https://www.nasevitaminy.cz/capri-sun-multivitamin-zero
VITAR.cz B2C/D2C,New VITAR.cz commerce platform,ready,ready,96,keep_as_drinks_portfolio_review,Capri-Sun,Capri-Sun,Nápoje a pitný režim,"Capri-Sun Mystic Dragon 0,2 l",40000122,4000177408100,,https://www.vitar.cz/capri-sun-mystic-dragon-0-2-l/,https://www.nasevitaminy.cz/capri-sun-mystic-dragon
VITAR.cz B2C/D2C,New VITAR.cz commerce platform,ready,ready,96,keep_as_drinks_portfolio_review,Capri-Sun,Capri-Sun,Nápoje a pitný režim,"Capri-Sun Pomeranč 0,2 l",40000002,4000177407400,,https://www.vitar.cz/capri-sun-pomeranc-0-2-l/,https://www.nasevitaminy.cz/capri-sun-pomeranc-0-2-l
VITAR.cz B2C/D2C,New VITAR.cz commerce platform,ready,ready,96,keep_as_drinks_portfolio_review,Capri-Sun,Capri-Sun,Nápoje a pitný režim,"Capri-Sun Safari Fruits 0,2 l",40000012,4000177407608,,https://www.vitar.cz/capri-sun-safari-fruits-0-2-l/,https://www.nasevitaminy.cz/capri-sun-safari-fruits-0-2-l
VITAR.cz B2C/D2C,New VITAR.cz commerce platform,enrich_from_other_source,ready,89,keep_as_drinks_portfolio_review,Capri-Sun,Capri-Sun,Nápoje a pitný režim,Capri-Sun Višeň + granátové jablko,50600044,4000177172629,form,https://www.vitar.cz/capri-sun-visen-and-granatove-jablko-0-33-l/,https://www.nasevitaminy.cz/capri-sun-visen-granatove-jablko-0-33-l
Exclude / accessory decision,Do not import to main navigation until approved,blocked,blocked,58,exclude_from_main_or_accessories,Capri-Sun,Capri-Sun,Doplňky a merchandising,Capri-Sun láhev,39005057,3900505700000,,,https://www.nasevitaminy.cz/capri-sun-lahev
Exclude / accessory decision,Do not import to main navigation until approved,blocked,blocked,58,exclude_from_main_or_accessories,Capri-Sun,Capri-Sun,Doplňky a merchandising,Capri-Sun taška,39005029,3900502900000,,,https://www.nasevitaminy.cz/capri-sun-taska
Exclude / accessory decision,Do not import to main navigation until approved,blocked,blocked,58,exclude_from_main_or_accessories,Capri-Sun,Capri-Sun,Doplňky a merchandising,Capri-Sun osuška,39000011,3900001100000,,,https://www.nasevitaminy.cz/capri-sun-osuska
VITAR.cz B2C/D2C,New VITAR.cz commerce platform,enrich_from_other_source,ready,93,keep_in_main_pim,Energit,Energit,Děti,Energit Pro děti,42100606,8595011124217,form,https://www.vitar.cz/energit-pro-deti/,https://www.nasevitaminy.cz/energit-pro-deti
VITAR.cz B2C/D2C,New VITAR.cz commerce platform,ready,ready,96,keep_in_main_pim,Energit,Energit,"Energie, stres, spánek",Energit Coffee,42100609,8595011147186,,https://www.vitar.cz/energit-coffee/,https://www.nasevitaminy.cz/energit-coffee-kofein-42-tbl
VITAR.cz B2C/D2C,New VITAR.cz commerce platform,review,review,72,keep_in_main_pim,Energit,Energit,Imunita a nachlazení,Energit Hroznový cukr multivitamin,00000012,,,https://www.vitar.cz/energit-hroznovy-cukr-multivitamin/,
VITAR.cz B2C/D2C,New VITAR.cz commerce platform,review,review,83,keep_in_main_pim,Energit,Energit,Imunita a nachlazení,Energit Hroznový cukr multivitamin - citron,50000003,8586015310492,,,https://www.nasevitaminy.cz/energit-hroznovy-cukr-multivitamin-pomeranc
VITAR.cz B2C/D2C,New VITAR.cz commerce platform,review,review,83,keep_in_main_pim,Energit,Energit,Imunita a nachlazení,Energit Hroznový cukr multivitamin - jahoda,50000002,8586015310508,,,https://www.nasevitaminy.cz/energit-hroznovy-cukr-multivitamin-jahoda
VITAR.cz B2C/D2C,New VITAR.cz commerce platform,review,review,83,keep_in_main_pim,Energit,Energit,Imunita a nachlazení,Energit Hroznový cukr multivitamin - třešeň,50000006,8586015310256,,,https://www.nasevitaminy.cz/energit-hroznovy-cukr-multivitamin-tresen
VITAR.cz B2C/D2C,New VITAR.cz commerce platform,enrich_from_other_source,ready,89,keep_in_main_pim,Energit,Energit,"Energie, stres, spánek",Energit Pro řidiče,42100605,8595011124279,form,https://www.vitar.cz/energit-pro-ridice/,https://www.nasevitaminy.cz/energit-pro-ridice
VITAR.cz B2C/D2C,New VITAR.cz commerce platform,enrich_from_other_source,ready,89,keep_in_main_pim,Energit,Energit,Hořčík a minerály,Energit Dextróza sport,50000007,8595011143638,form,https://www.vitar.cz/energit-dextroza-sport-magnezium-b6/,https://www.nasevitaminy.cz/energit-dextroza-sport-magnezium-b6
VITAR.cz B2C/D2C,New VITAR.cz commerce platform,enrich_from_other_source,ready,93,keep_in_main_pim,Energit,Energit,Hořčík a minerály,Energit Magnézium,42100608,8595011129083,form,https://www.vitar.cz/energit-magnezium/,https://www.nasevitaminy.cz/energit-magnezium
VITAR.cz B2C/D2C,New VITAR.cz commerce platform,ready,ready,91,keep_in_main_pim,Energit,Energit,Imunita a nachlazení,Energit Hroznový cukr multivitamin - citron,50000001,8586015310515,,,https://www.nasevitaminy.cz/energit-hroznovy-cukr-multivitamin-citron
VITAR.cz B2C/D2C,New VITAR.cz commerce platform,enrich_from_other_source,ready,93,keep_in_main_pim,Energit,Energit,Imunita a nachlazení,Energit Imunita,42100603,8595011124187,form,https://www.vitar.cz/energit-imunita/,https://www.nasevitaminy.cz/energit-imunita
VITAR.cz B2C/D2C,New VITAR.cz commerce platform,enrich_from_other_source,ready,89,keep_in_main_pim,Energit,Energit,Imunita a nachlazení,Energit Multivitamin,42100601,8595011124248,form,https://www.vitar.cz/energit-multivitamin/,https://www.nasevitaminy.cz/energit-multivitamin
VITAR.cz B2C/D2C,New VITAR.cz commerce platform,ready,ready,96,keep_in_main_pim,Energit,Energit,Imunita a nachlazení,Energit Zázvor,42100610,8595011147209,,https://www.vitar.cz/energit-zazvor/,https://www.nasevitaminy.cz/energit-zazvor-lisejnik-42-tbl
VITAR.cz B2C/D2C,New VITAR.cz commerce platform,enrich_from_other_source,ready,89,keep_in_main_pim,Energit,Energit,Močové cesty,Energit Vitamin D3 + acerola,42100611,8595011141573,form,https://www.vitar.cz/energit-vitamin-d3-acerola/,https://www.nasevitaminy.cz/energit-vitamin-d3-acerola
VITAR.cz B2C/D2C,New VITAR.cz commerce platform,enrich_from_other_source,ready,89,keep_in_main_pim,Energit,Energit,Zrak,Energit Pro oči,42100604,8595011124309,form,https://www.vitar.cz/energit-pro-oci/,https://www.nasevitaminy.cz/energit-pro-oci
VITAR.cz B2C/D2C,New VITAR.cz commerce platform,ready,ready,96,keep_in_main_pim,Irbis,Irbis,Sladidla,Irbis Aspartam (220 tbl.),46000004,0000085906488,,,https://www.nasevitaminy.cz/irbis-aspartam-220-tbl
VITAR.cz B2C/D2C,New VITAR.cz commerce platform,ready,ready,96,keep_in_main_pim,Irbis,Irbis,Sladidla,Irbis Aspartam - dávkovač (110 tbl.),46000018,8595011134001,,,https://www.nasevitaminy.cz/irbis-aspartam-davkovac-110-tbl
VITAR.cz B2C/D2C,New VITAR.cz commerce platform,review,review,80,keep_in_main_pim,Irbis,Irbis,Sladidla,Irbis Aspartam - tablety,00000017,,,https://www.vitar.cz/irbis-aspartam-tablety/,
VITAR.cz B2C/D2C,New VITAR.cz commerce platform,ready,ready,96,keep_in_main_pim,Irbis,Irbis,Sladidla,Irbis Aspartam Big Sweet 10x sladší (sypká směs),46000002,8594002799205,,https://www.vitar.cz/irbis-big-sweet-10x-sladsi/,https://www.nasevitaminy.cz/irbis-aspartam-big-sweet-10x-sladsi-sypka-smes
VITAR.cz B2C/D2C,New VITAR.cz commerce platform,ready,ready,96,keep_in_main_pim,Irbis,Irbis,Sladidla,Irbis Aspartam Sweet 3x sladší (sypká směs),46000001,8594002790226,,https://www.vitar.cz/irbis-aspartam-sweet-3x-sladsi/,https://www.nasevitaminy.cz/irbis-aspartam-sweet-3x-sladsi-sypka-smes
VITAR.cz B2C/D2C,New VITAR.cz commerce platform,ready,ready,96,keep_in_main_pim,Irbis,Irbis,Sladidla,Irbis Sukralóza s chromem - tablety,46000016,8595011131994,,https://www.vitar.cz/irbis-sukraloza-s-chromem-davkovac-110-tbl/,https://www.nasevitaminy.cz/irbis-sukraloza-s-chromem-davkovac-110-tbl
VITAR.cz B2C/D2C,New VITAR.cz commerce platform,ready,ready,96,keep_in_main_pim,Irbis,Irbis,Sladidla,Irbis se sladidly z rostliny stévie (220 tbl.),46000011,8595011128697,,,https://www.nasevitaminy.cz/irbis-se-sladidly-z-rostliny-stevie-220-tbl
VITAR.cz B2C/D2C,New VITAR.cz commerce platform,ready,ready,96,keep_in_main_pim,Irbis,Irbis,Sladidla,Irbis se sladidly z rostliny stévie (sypká směs),46000014,8595011128239,,https://www.vitar.cz/irbis-stevie-sypke-sladidlo-250-g/,https://www.nasevitaminy.cz/irbis-se-sladidly-z-rostliny-stevie-sypka-smes
VITAR.cz B2C/D2C,New VITAR.cz commerce platform,ready,ready,96,keep_in_main_pim,Irbis,Irbis,Sladidla,Irbis se sladidly z rostliny stévie - dávkovač (110 tbl.),46000017,8595011132021,,,https://www.nasevitaminy.cz/irbis-se-sladidly-z-rostliny-stevie-davkovac-110-tbl
VITAR.cz B2C/D2C,New VITAR.cz commerce platform,review,review,80,keep_in_main_pim,Irbis,Irbis,Sladidla,Irbis se sladidly z rostliny stévie - tablety,00000019,,,https://www.vitar.cz/irbis-stevie-tablety/,
VITAR.cz B2C/D2C,New VITAR.cz commerce platform,ready,ready,100,keep_in_main_pim,Maxi Vita,Maxi Vita,Děti,Maxi Vita Herbal Bylinný elixír Posílení imunity pro děti,43800010,8595011134902,,https://www.vitar.cz/maxivita-herbal-bylinny-elixir-posileni-imunity-pro-deti/,https://www.nasevitaminy.cz/maxi-vita-herbal-bylinny-elixir-posileni-imunity-pro-deti
VITAR.cz B2C/D2C,New VITAR.cz commerce platform,enrich_from_other_source,review,81,keep_in_main_pim,Maxi Vita,Maxi Vita,Imunita a nachlazení,Maxi Vita Kids Multivitamin + kolostrum,44000006,8595011125856,form,https://www.vitar.cz/maxivita-kids-multivitamin-kolostrum/,https://www.nasevitaminy.cz/maxi-vita-kids-multivitamin-kolostrum
VITAR.cz B2C/D2C,New VITAR.cz commerce platform,enrich_from_other_source,ready,93,keep_in_main_pim,Maxi Vita,Maxi Vita,Děti,Maxi Vita Kids Omega 3 + vitaminy D a E,42300019,8595011124903,form,https://www.vitar.cz/maxivita-kids-omega-3-vitaminy-d-a-e/,https://www.nasevitaminy.cz/maxi-vita-kids-omega-3-vitaminy-d-a-e
VITAR.cz B2C/D2C,New VITAR.cz commerce platform,ready,ready,100,keep_in_main_pim,Maxi Vita,Maxi Vita,Děti,Maxi Vita Kids Probiotika,44000002,8595011147247,,https://www.vitar.cz/maxi-vita-kids-probiotika/,https://www.nasevitaminy.cz/maxi-vita-kids-probiotika-16-stick
VITAR.cz B2C/D2C,New VITAR.cz commerce platform,ready,ready,92,keep_in_main_pim,Maxi Vita,Maxi Vita,"Energie, stres, spánek",Maxi Vita Exclusive Magnézium - šumivé tablety,41300103,8595011131512,,https://www.vitar.cz/maxivita-exclusive-magnezium/,https://www.nasevitaminy.cz/maxi-vita-exclusive-magnezium
VITAR.cz B2C/D2C,New VITAR.cz commerce platform,enrich_from_other_source,review,83,keep_in_main_pim,Maxi Vita,Maxi Vita,Hořčík a minerály,Maxi Vita Exclusive Magnézium forte+,42300068,8595011128987,form,https://www.vitar.cz/maxivita-exclusive-magnezium-forte/,https://www.nasevitaminy.cz/maxi-vita-exclusive-magnezium-forte
VITAR.cz B2C/D2C,New VITAR.cz commerce platform,enrich_from_other_source,review,83,keep_in_main_pim,Maxi Vita,Maxi Vita,Hořčík a minerály,Maxi Vita Exclusive Vápník–hořčík–zinek forte+,42300067,8595011128956,form,https://www.vitar.cz/maxivita-exclusive-vapnik-horcik-zinek-forte/,https://www.nasevitaminy.cz/maxi-vita-exclusive-vapnik-horcik-zinek-forte
VITAR.cz B2C/D2C,New VITAR.cz commerce platform,enrich_from_other_source,review,83,keep_in_main_pim,Maxi Vita,Maxi Vita,Hořčík a minerály,Maxi Vita Hořčík + B6,42300013,8595011114799,form,https://www.vitar.cz/maxivita-horcik-b6-1770/,https://www.nasevitaminy.cz/maxi-vita-horcik-b6-2
VITAR.cz B2C/D2C,New VITAR.cz commerce platform,ready,ready,92,keep_in_main_pim,Maxi Vita,Maxi Vita,"Energie, stres, spánek","Maxi Vita Hořčík + vitaminy B6, B12 a biotin | Volba spotřebitelů - Nejlepší novinka 2025",41300069,8595011147711,,https://www.vitar.cz/maxivita-horcik-b6/,https://www.nasevitaminy.cz/maxi-vita-magnesium-20-eff-tbl
VITAR.cz B2C/D2C,New VITAR.cz commerce platform,ready,ready,88,keep_in_main_pim,Maxi Vita,Maxi Vita,"Energie, stres, spánek",Maxi Vita Kids Multivitamin Bob a Bobek,41300072,8595011147773,,https://www.vitar.cz/maxivita-kids-multivitamin/,https://www.nasevitaminy.cz/maxi-vita-multivit-kids-bob-a-bobek-20-eff-tbl
VITAR.cz B2C/D2C,New VITAR.cz commerce platform,review,review,83,keep_in_main_pim,Maxi Vita,Maxi Vita,Imunita a nachlazení,Maxi Vita Kids Multivitamin želé,44000004,8595011121230,,https://www.vitar.cz/maxivita-kids-multivitamin-zele/,https://www.nasevitaminy.cz/maxi-vita-kids-multivitamin-zele
VITAR.cz B2C/D2C,New VITAR.cz commerce platform,enrich_from_other_source,ready,85,keep_in_main_pim,Maxi Vita,Maxi Vita,"Energie, stres, spánek",Maxi Vita Magnézium 400 mg + B komplex + vitamin C,43200307,8595011143157,form,https://www.vitar.cz/maxivita-magnezium-400-mg-b-komplex-vitamin-c/,https://www.nasevitaminy.cz/maxi-vita-magnezium-400-mg-b-komplex-vitamin-c
VITAR.cz B2C/D2C,New VITAR.cz commerce platform,enrich_from_other_source,ready,93,keep_in_main_pim,Maxi Vita,Maxi Vita,Hořčík a minerály,Maxi Vita Premium Magnézium + aminokyseliny,43200312,8595011144826,form,https://www.vitar.cz/maxi-vita-premium-magnezium-aminokyseliny/,https://www.nasevitaminy.cz/maxi-vita-premium-magnezium-aminokyseliny
VITAR.cz B2C/D2C,New VITAR.cz commerce platform,ready,ready,96,keep_in_main_pim,Maxi Vita,Maxi Vita,Hořčík a minerály,Maxi Vita Premium Magnézium+B6,41300110,8595011143591,,,https://www.nasevitaminy.cz/maxi-vita-premium-magnezium-b6-20-eff-tbl
VITAR.cz B2C/D2C,New VITAR.cz commerce platform,enrich_from_other_source,review,83,keep_in_main_pim,Maxi Vita,Maxi Vita,Hořčík a minerály,Maxi Vita Selen + zinek + vitamin C a E,42300022,8595011133011,form,https://www.vitar.cz/maxivita-selen-zinek-vitamin-c-a-e/,https://www.nasevitaminy.cz/maxi-vita-selen-zinek-vitamin-c-a-e
VITAR.cz B2C/D2C,New VITAR.cz commerce platform,ready,ready,100,keep_in_main_pim,Maxi Vita,Maxi Vita,Hořčík a minerály,Maxi Vita Vitamin C + zinek + šípek | Volba spotřebitelů - Nejlepší novinka 2025,41300067,8595011147674,,https://www.vitar.cz/maxivita-vitamin-c-zinek-sipek/,https://www.nasevitaminy.cz/maxi-vita-vitamin-c-20-eff-tbl
VITAR.cz B2C/D2C,New VITAR.cz commerce platform,enrich_from_other_source,review,83,keep_in_main_pim,Maxi Vita,Maxi Vita,Hořčík a minerály,Maxi Vita Vitamin D3 1000 IU,42300074,8595011134889,form,https://www.vitar.cz/maxivita-vitamin-d3-1000-iu/,https://www.nasevitaminy.cz/maxi-vita-vitamin-d3-1000-iu
VITAR.cz B2C/D2C,New VITAR.cz commerce platform,enrich_from_other_source,review,83,keep_in_main_pim,Maxi Vita,Maxi Vita,Hořčík a minerály,Maxi Vita Vitamin D3 800 IU,42300094,8595011141436,form,https://www.vitar.cz/maxivita-vitamin-d3-800-iu/,https://www.nasevitaminy.cz/maxi-vita-vitamin-d3-800-iu
VITAR.cz B2C/D2C,New VITAR.cz commerce platform,enrich_from_other_source,ready,93,keep_in_main_pim,Maxi Vita,Maxi Vita,Hořčík a minerály,Maxi Vita Vitamin K2 + D3,42300075,8595011145038,form,https://www.vitar.cz/maxi-vita-exclusive-vitamin-k2-d3-forte/,https://www.nasevitaminy.cz/maxi-vita-exclusive-vitamin-k2-d3-forte
VITAR.cz B2C/D2C,New VITAR.cz commerce platform,ready,ready,96,keep_in_main_pim,Maxi Vita,Maxi Vita,Hořčík a minerály,Maxi Vita Vápník + D3 + K1,41300070,8595011147735,,https://www.vitar.cz/maxivita-vapnik-vitamin-d3-k1/,https://www.nasevitaminy.cz/maxi-vita-calcium-20-eff-tbl
VITAR.cz B2C/D2C,New VITAR.cz commerce platform,enrich_from_other_source,ready,93,keep_in_main_pim,Maxi Vita,Maxi Vita,Hořčík a minerály,Maxi Vita Vápník-hořčík-zinek,42300004,8595011107517,form,https://www.vitar.cz/maxivita-vapnik-horcik-zinek/,https://www.nasevitaminy.cz/maxi-vita-vapnik-horcik-zinek
VITAR.cz B2C/D2C,New VITAR.cz commerce platform,enrich_from_other_source,ready,89,keep_in_main_pim,Maxi Vita,Maxi Vita,Hořčík a minerály,Maxi Vita Zinek 15 mg,42300095,8595011141849,form,https://www.vitar.cz/maxivita-zinek-15-mg/,https://www.nasevitaminy.cz/maxi-vita-zinek-15-mg
VITAR.cz B2C/D2C,New VITAR.cz commerce platform,enrich_from_other_source,review,75,keep_in_main_pim,Maxi Vita,Maxi Vita,"Energie, stres, spánek",Maxi Vita B-komplex forte + vitamin C,42300016,8595011119978,form,https://www.vitar.cz/maxivita-b-komplex-forte-vitamin-c/,https://www.nasevitaminy.cz/maxi-vita-b-komplex-forte-vitamin-c
VITAR.cz B2C/D2C,New VITAR.cz commerce platform,ready,ready,100,keep_in_main_pim,Maxi Vita,Maxi Vita,Imunita a nachlazení,Maxi Vita Exclusive BOX,41300115,8595011146134,,,https://www.nasevitaminy.cz/maxi-vita-exclusive-box-3-mix-eff-tbl
VITAR.cz B2C/D2C,New VITAR.cz commerce platform,ready,ready,100,keep_in_main_pim,Maxi Vita,Maxi Vita,Imunita a nachlazení,Maxi Vita Exclusive Multivitamin - šumivé tablety,41300102,8595011131499,,https://www.vitar.cz/maxivita-exclusive-multivitamin/,https://www.nasevitaminy.cz/maxi-vita-exclusive-multivitamin
VITAR.cz B2C/D2C,New VITAR.cz commerce platform,ready,ready,96,keep_in_main_pim,Maxi Vita,Maxi Vita,Imunita a nachlazení,Maxi Vita Exclusive Podpora imunity - šumivé tablety,41300108,8595011143003,,https://www.vitar.cz/maxivita-exclusive-podpora-imunity/,https://www.nasevitaminy.cz/maxi-vita-exclusive-podpora-imunity
VITAR.cz B2C/D2C,New VITAR.cz commerce platform,enrich_from_other_source,review,83,keep_in_main_pim,Maxi Vita,Maxi Vita,Imunita a nachlazení,Maxi Vita Exclusive Posílení imunity forte+,42300066,8595011127690,form,https://www.vitar.cz/maxivita-exclusive-posileni-imunity-forte/,https://www.nasevitaminy.cz/maxi-vita-exclusive-posileni-imunity-forte
VITAR.cz B2C/D2C,New VITAR.cz commerce platform,enrich_from_other_source,review,83,keep_in_main_pim,Maxi Vita,Maxi Vita,Imunita a nachlazení,Maxi Vita Exclusive Rakytník forte+,42300070,8595011133288,form,https://www.vitar.cz/maxivita-exclusive-rakytnik-forte/,https://www.nasevitaminy.cz/maxi-vita-exclusive-rakytnik-forte
VITAR.cz B2C/D2C,New VITAR.cz commerce platform,ready,ready,100,keep_in_main_pim,Maxi Vita,Maxi Vita,Imunita a nachlazení,Maxi Vita Exclusive Vitamin C + rakytník - šumivé tablety,41300101,8595011131475,,https://www.vitar.cz/maxivita-exclusive-vitamin-c-rakytnik/,https://www.nasevitaminy.cz/maxi-vita-exclusive-vitamin-c-rakytnik
VITAR.cz B2C/D2C,New VITAR.cz commerce platform,enrich_from_other_source,review,83,keep_in_main_pim,Maxi Vita,Maxi Vita,Imunita a nachlazení,Maxi Vita Exclusive Vitamin C 800 mg forte+,42300073,8595011134865,form,https://www.vitar.cz/maxivita-exclusive-vitamin-c-800-mg-forte/,https://www.nasevitaminy.cz/maxi-vita-exclusive-vitamin-c-800-mg-forte
VITAR.cz B2C/D2C,New VITAR.cz commerce platform,ready,ready,96,keep_in_main_pim,Maxi Vita,Maxi Vita,Imunita a nachlazení,Maxi Vita Herbal Bylinný elixír Jitrocel,43800011,8595011144673,,https://www.vitar.cz/maxi-vita-herbal-bylinny-elixir-jitrocel/,https://www.nasevitaminy.cz/maxi-vita-herbal-bylinny-elixir-jitrocel
VITAR.cz B2C/D2C,New VITAR.cz commerce platform,ready,ready,96,keep_in_main_pim,Maxi Vita,Maxi Vita,Imunita a nachlazení,Maxi Vita Herbal Bylinný elixír Posílení imunity,43800002,8595011120639,,https://www.vitar.cz/maxivita-herbal-bylinny-elixir-posileni-imunity/,https://www.nasevitaminy.cz/maxi-vita-herbal-bylinny-elixir-posileni-imunity
VITAR.cz B2C/D2C,New VITAR.cz commerce platform,ready,ready,96,keep_in_main_pim,Maxi Vita,Maxi Vita,Imunita a nachlazení,Maxi Vita Herbal Bylinný elixír Rakytník,43800008,8595011128925,,https://www.vitar.cz/maxivita-herbal-bylinny-elixir-rakytnik/,https://www.nasevitaminy.cz/maxi-vita-herbal-bylinny-elixir-rakytnik
VITAR.cz B2C/D2C,New VITAR.cz commerce platform,enrich_from_other_source,review,79,keep_in_main_pim,Maxi Vita,Maxi Vita,Imunita a nachlazení,Maxi Vita Herbal Hlíva ústřičná,42300023,8595011133264,form,https://www.vitar.cz/maxivita-herbal-hliva-ustricna/,https://www.nasevitaminy.cz/maxi-vita-herbal-hliva-ustricna
VITAR.cz B2C/D2C,New VITAR.cz commerce platform,ready,ready,96,keep_in_main_pim,Maxi Vita,Maxi Vita,Imunita a nachlazení,Maxi Vita Herbal Horký nápoj Echinacea,43300103,8595011124569,,https://www.vitar.cz/maxivita-herbal-horky-napoj-echinacea/,https://www.nasevitaminy.cz/maxi-vita-herbal-horky-napoj-echinacea
VITAR.cz B2C/D2C,New VITAR.cz commerce platform,ready,ready,96,keep_in_main_pim,Maxi Vita,Maxi Vita,Imunita a nachlazení,Maxi Vita Herbal Horký nápoj Zázvor,43300102,8595011124071,,https://www.vitar.cz/maxivita-herbal-horky-napoj-zazvor/,https://www.nasevitaminy.cz/maxi-vita-herbal-horky-napoj-zazvor
VITAR.cz B2C/D2C,New VITAR.cz commerce platform,enrich_from_other_source,review,83,keep_in_main_pim,Maxi Vita,Maxi Vita,Imunita a nachlazení,Maxi Vita Herbal Vitamin C + rakytník,42300087,8595011121278,form,https://www.vitar.cz/maxivita-herbal-vitamin-c-rakytnik/,https://www.nasevitaminy.cz/maxi-vita-herbal-vitamin-c-rakytnik
VITAR.cz B2C/D2C,New VITAR.cz commerce platform,enrich_from_other_source,review,79,keep_in_main_pim,Maxi Vita,Maxi Vita,Imunita a nachlazení,Maxi Vita Kids Betaglukany + D3,44000005,8595011148909,form,https://www.vitar.cz/maxi-vita-kids-betaglukan-multivitamin/,https://www.nasevitaminy.cz/maxi-vita-kids-betaglukan-d3
VITAR.cz B2C/D2C,New VITAR.cz commerce platform,ready,ready,96,keep_in_main_pim,Maxi Vita,Maxi Vita,Imunita a nachlazení,Maxi Vita Multivitamin 11 vitaminů + rakytník | Volba spotřebitelů - Nejlepší novinka 2025,41300068,8595011147698,,https://www.vitar.cz/maxivita-multivitamin-rakytnik/,https://www.nasevitaminy.cz/maxi-vita-multi-rakytnik-20-eff-tbl
VITAR.cz B2C/D2C,New VITAR.cz commerce platform,enrich_from_other_source,ready,93,keep_in_main_pim,Maxi Vita,Maxi Vita,Imunita a nachlazení,Maxi Vita Premium Probiotika + vitamin C,43200311,8595011144376,form,https://www.vitar.cz/maxi-vita-premium-probiotika-vitamin-c/,https://www.nasevitaminy.cz/maxi-vita-premium-probiotika-vitamin-c
VITAR.cz B2C/D2C,New VITAR.cz commerce platform,ready,ready,100,keep_in_main_pim,Maxi Vita,Maxi Vita,Imunita a nachlazení,Maxi Vita Premium Vitamin C+ šípek,41300106,8595011142969,,,https://www.nasevitaminy.cz/maxi-vita-premium-vit-c-sipek-20-eff
VITAR.cz B2C/D2C,New VITAR.cz commerce platform,enrich_from_other_source,review,83,keep_in_main_pim,Maxi Vita,Maxi Vita,Imunita a nachlazení,Maxi Vita Vitamin C + zinek,42300003,8595011107470,form,https://www.vitar.cz/maxivita-vitamin-c-zinek/,https://www.nasevitaminy.cz/maxi-vita-vitamin-c-zinek
VITAR.cz B2C/D2C,New VITAR.cz commerce platform,enrich_from_other_source,ready,93,keep_in_main_pim,Maxi Vita,Maxi Vita,Imunita a nachlazení,Maxi Vita Vitamin C komplex + acerola + šípek + zinek,43200308,8595011143171,form,https://www.vitar.cz/maxivita-vitamin-c-komplex-acerola-sipek-zinek/,https://www.nasevitaminy.cz/maxi-vita-vitamin-c-komplex-acerola-sipek-zinek
VITAR.cz B2C/D2C,New VITAR.cz commerce platform,ready,ready,92,keep_in_main_pim,Maxi Vita,Maxi Vita,Hořčík a minerály,Maxi Vita Železo + vitamin C kyselina listová,41300071,8595011147759,,https://www.vitar.cz/maxivita-zelezo-vitamin-c/,https://www.nasevitaminy.cz/maxi-vita-zelezo-20-eff-tbl
VITAR.cz B2C/D2C,New VITAR.cz commerce platform,enrich_from_other_source,review,83,keep_in_main_pim,Maxi Vita,Maxi Vita,Klouby a pohyb,Maxi Vita Exclusive Kloubní výživa,43200014,8595011120134,form,https://www.vitar.cz/maxivita-exclusive-kloubni-vyziva/,https://www.nasevitaminy.cz/maxi-vita-exclusive-kloubni-vyziva
VITAR.cz B2C/D2C,New VITAR.cz commerce platform,enrich_from_other_source,ready,89,keep_in_main_pim,Maxi Vita,Maxi Vita,Klouby a pohyb,Maxi Vita Exclusive Kolagen forte+,42300064,8595011124873,form,https://www.vitar.cz/maxivita-exclusive-kolagen-forte/,https://www.nasevitaminy.cz/maxi-vita-exclusive-kolagen-forte
VITAR.cz B2C/D2C,New VITAR.cz commerce platform,enrich_from_other_source,review,83,keep_in_main_pim,Maxi Vita,Maxi Vita,Klouby a pohyb,Maxi Vita Premium Kloubní výživa,42300053,8595011110449,form,https://www.vitar.cz/maxivita-premium-kloubni-vyziva/,https://www.nasevitaminy.cz/maxi-vita-premium-kloubni-vyziva
VITAR.cz B2C/D2C,New VITAR.cz commerce platform,enrich_from_other_source,review,83,keep_in_main_pim,Maxi Vita,Maxi Vita,"Krása, vlasy, pleť",Maxi Vita Beauty Kyselina hyaluronová 100 mg + koenzym Q10,42300097,8595011144260,form,https://www.vitar.cz/maxi-vita-beauty-kyselina-hyaluronova-100-mg-koenzym-q10/,https://www.nasevitaminy.cz/maxi-vita-beauty-kyselina-hyaluronova-100-mg-koenzym-q10
VITAR.cz B2C/D2C,New VITAR.cz commerce platform,enrich_from_other_source,review,83,keep_in_main_pim,Maxi Vita,Maxi Vita,"Krása, vlasy, pleť",Maxi Vita Beauty Mořský kolagen,42300093,8595011138115,form,https://www.vitar.cz/maxivita-beauty-morsky-kolagen/,https://www.nasevitaminy.cz/maxi-vita-beauty-morsky-kolagen
VITAR.cz B2C/D2C,New VITAR.cz commerce platform,enrich_from_other_source,ready,93,keep_in_main_pim,Maxi Vita,Maxi Vita,"Krása, vlasy, pleť",Maxi Vita Beta karoten,42300005,8595011107456,form,https://www.vitar.cz/maxivita-beta-karoten/,https://www.nasevitaminy.cz/maxi-vita-beta-karoten
VITAR.cz B2C/D2C,New VITAR.cz commerce platform,enrich_from_other_source,review,83,keep_in_main_pim,Maxi Vita,Maxi Vita,"Krása, vlasy, pleť",Maxi Vita Exclusive Beta-karoten forte+,42300072,8595011134841,form,https://www.vitar.cz/maxivita-exclusive-beta-karoten-forte/,https://www.nasevitaminy.cz/maxi-vita-exclusive-beta-karoten-forte
VITAR.cz B2C/D2C,New VITAR.cz commerce platform,enrich_from_other_source,ready,93,keep_in_main_pim,Maxi Vita,Maxi Vita,"Krása, vlasy, pleť","Maxi Vita Exclusive Krásné vlasy, nehty a pleť",42300069,8595011131451,form,https://www.vitar.cz/maxivita-exclusive-krasne-vlasy-nehty-a-plet/,https://www.nasevitaminy.cz/maxi-vita-exclusive-krasne-vlasy-nehty-a-plet
VITAR.cz B2C/D2C,New VITAR.cz commerce platform,ready,ready,100,keep_in_main_pim,Maxi Vita,Maxi Vita,"Krása, vlasy, pleť",Maxi Vita Exclusive Kyselina Hyaluronová + koenzym Q10,42300062,8595011146042,,https://www.vitar.cz/maxi-vita-exclusive-kyselina-hyaluronova-koenzym-q10/,https://www.nasevitaminy.cz/mxv-excl-kys-hyaluron-koenzym-q10-60-cps
VITAR.cz B2C/D2C,New VITAR.cz commerce platform,enrich_from_other_source,review,83,keep_in_main_pim,Maxi Vita,Maxi Vita,"Krása, vlasy, pleť",Maxi Vita Premium Zdravá pleť,42300063,8595011123623,form,https://www.vitar.cz/maxivita-premium-zdrava-plet/,https://www.nasevitaminy.cz/maxi-vita-premium-zdrava-plet
VITAR.cz B2C/D2C,New VITAR.cz commerce platform,enrich_from_other_source,review,83,keep_in_main_pim,Maxi Vita,Maxi Vita,"Krása, vlasy, pleť","Maxi Vita Premium Zdravé vlasy, nehty a pokožka",42300011,8595011110500,form,https://www.vitar.cz/maxivita-premium-zdrave-vlasy-nehty-a-pokozka/,https://www.nasevitaminy.cz/maxi-vita-premium-zdrave-vlasy-nehty-a-pokozka
VITAR.cz B2C/D2C,New VITAR.cz commerce platform,enrich_from_other_source,ready,89,keep_in_main_pim,Maxi Vita,Maxi Vita,Močové cesty,Maxi Vita Energy Power,43200309,8595011143256,form,https://www.vitar.cz/maxivita-energy-power/,https://www.nasevitaminy.cz/maxi-vita-energy-power
VITAR.cz B2C/D2C,New VITAR.cz commerce platform,ready,ready,100,keep_in_main_pim,Maxi Vita,Maxi Vita,Močové cesty,Maxi Vita Herbal Bylinný elixír Brusinky,43800005,8595011123869,,https://www.vitar.cz/maxivita-herbal-bylinny-elixir-brusinky/,https://www.nasevitaminy.cz/maxi-vita-herbal-bylinny-elixir-brusinky
VITAR.cz B2C/D2C,New VITAR.cz commerce platform,ready,ready,96,keep_in_main_pim,Maxi Vita,Maxi Vita,Močové cesty,Maxi Vita Herbal Bylinný elixír Karlík,43800004,8595011120578,,https://www.vitar.cz/maxivita-herbal-bylinny-elixir-karlik/,https://www.nasevitaminy.cz/maxi-vita-herbal-bylinny-elixir-karlik
VITAR.cz B2C/D2C,New VITAR.cz commerce platform,ready,ready,96,keep_in_main_pim,Maxi Vita,Maxi Vita,Močové cesty,Maxi Vita Herbal Bylinný elixír Lipový květ + divizna,43800001,8595011120608,,https://www.vitar.cz/maxi-vita-herbal-bylinny-elixir-lipovy-kvet-divizna/,https://www.nasevitaminy.cz/maxi-vita-herbal-bylinny-elixir-lipovy-kvet-divizna
VITAR.cz B2C/D2C,New VITAR.cz commerce platform,ready,ready,96,keep_in_main_pim,Maxi Vita,Maxi Vita,Močové cesty,Maxi Vita Herbal Bylinný elixír NaSpaní,43800006,8595011123890,,https://www.vitar.cz/maxi-vita-herbal-bylinny-elixir-naspani/,https://www.nasevitaminy.cz/maxi-vita-herbal-bylinny-elixir-klidny-spanek
VITAR.cz B2C/D2C,New VITAR.cz commerce platform,ready,ready,96,keep_in_main_pim,Maxi Vita,Maxi Vita,Močové cesty,Maxi Vita Herbal Bylinný elixír Průduškový,43800003,8595011120660,,https://www.vitar.cz/maxivita-herbal-bylinny-elixir-pruduskovy/,https://www.nasevitaminy.cz/maxi-vita-herbal-bylinny-elixir-pruduskovy
VITAR.cz B2C/D2C,New VITAR.cz commerce platform,enrich_from_other_source,ready,89,keep_in_main_pim,Maxi Vita,Maxi Vita,Močové cesty,Maxi Vita Herbal Ginkgo biloba,42300050,8595011107890,form,https://www.vitar.cz/maxivita-herbal-ginkgo-biloba/,https://www.nasevitaminy.cz/maxi-vita-herbal-ginkgo-biloba
VITAR.cz B2C/D2C,New VITAR.cz commerce platform,ready,ready,96,keep_in_main_pim,Maxi Vita,Maxi Vita,Močové cesty,Maxi Vita Herbal Horký nápoj Brusinka,43300101,8595011124040,,https://www.vitar.cz/maxivita-herbal-horky-napoj-brusinka/,https://www.nasevitaminy.cz/maxi-vita-herbal-horky-napoj-brusinka
VITAR.cz B2C/D2C,New VITAR.cz commerce platform,enrich_from_other_source,review,83,keep_in_main_pim,Maxi Vita,Maxi Vita,Močové cesty,Maxi Vita Herbal Maxi brusinky,42300082,8595011118193,form,https://www.vitar.cz/maxivita-herbal-maxi-brusinky/,https://www.nasevitaminy.cz/maxi-vita-herbal-maxi-brusinky
VITAR.cz B2C/D2C,New VITAR.cz commerce platform,enrich_from_other_source,ready,89,keep_in_main_pim,Maxi Vita,Maxi Vita,Močové cesty,Maxi Vita Premium Probiotika s vlákninou a vitaminem C,42300024,8595011135787,form,https://www.vitar.cz/maxivita-premium-probiotika-s-vlakninou-a-vitaminem-c/,https://www.nasevitaminy.cz/maxi-vita-premium-probiotika-s-vlakninou-a-vitaminem-c
VITAR.cz B2C/D2C,New VITAR.cz commerce platform,ready,ready,96,keep_in_main_pim,Maxi Vita,Maxi Vita,Nápoje a pitný režim,Maxi Vita Exclusive Rehydratace,41300112,8595011146141,,https://www.vitar.cz/maxi-vita-exclusive-rehydratace/,https://www.nasevitaminy.cz/maxi-vita-exclusive-rehydratace-20-eff-tbl
VITAR.cz B2C/D2C,New VITAR.cz commerce platform,ready,ready,88,keep_in_main_pim,Maxi Vita,Maxi Vita,"Energie, stres, spánek",Maxi Vita B12 + B2,41300073,8595011147797,,https://www.vitar.cz/maxi-vita-b12-b2/,https://www.nasevitaminy.cz/maxi-vita-b12-b2-20-eff-tbl
VITAR.cz B2C/D2C,New VITAR.cz commerce platform,ready,ready,88,keep_in_main_pim,Maxi Vita,Maxi Vita,Trávení a detox,Maxi Vita Exclusive Odvodnění,41300113,8595011146745,,https://www.vitar.cz/maxi-vita-exclusive-odvodneni/,https://www.nasevitaminy.cz/maxi-vita-exclusive-odvodneni-20-eff-tbl
VITAR.cz B2C/D2C,New VITAR.cz commerce platform,review,review,83,keep_in_main_pim,Maxi Vita,Maxi Vita,Imunita a nachlazení,Maxi Vita HerbaVOX - lišejník islandský,42240007,8595011131147,,https://www.vitar.cz/maxivita-herbavox-lisejnik-islandsky/,https://www.nasevitaminy.cz/maxi-vita-herbavox-lisejnik-islandsky
VITAR.cz B2C/D2C,New VITAR.cz commerce platform,review,review,83,keep_in_main_pim,Maxi Vita,Maxi Vita,Imunita a nachlazení,Maxi Vita HerbaVOX - med a citron,42240006,8595011119206,,https://www.vitar.cz/maxivita-herbavox-med-a-citron/,https://www.nasevitaminy.cz/maxi-vita-herbavox-med-a-citron
VITAR.cz B2C/D2C,New VITAR.cz commerce platform,ready,ready,88,keep_in_main_pim,Maxi Vita,Maxi Vita,Hořčík a minerály,"Maxi Vita Premium Ca+Mg+ vit. D3, C",41300109,8595011143577,,,https://www.nasevitaminy.cz/maxi-vita-premium-ca-mg-vit-d3-c-20-eff-tbl
VITAR.cz B2C/D2C,New VITAR.cz commerce platform,ready,ready,88,keep_in_main_pim,Maxi Vita,Maxi Vita,Imunita a nachlazení,Maxi Vita Premium Multivitamin,41300107,8595011142983,,,https://www.nasevitaminy.cz/maxi-vita-premium-multivitamin-20-eff
VITAR.cz B2C/D2C,New VITAR.cz commerce platform,enrich_from_other_source,review,81,keep_in_main_pim,Maxi Vita,Maxi Vita,Trávení a detox,Maxi Vita Premium Super linie,42300052,8595011110470,form,https://www.vitar.cz/maxivita-premium-super-linie/,https://www.nasevitaminy.cz/maxi-vita-premium-super-linie
Exclude / accessory decision,Do not import to main navigation until approved,blocked,blocked,52,exclude_from_main_or_accessories,Maxi Vita,Maxi Vita,Doplňky a merchandising,Maxi Vita dávkovač léků denní,49040002,8591078420149,,https://www.vitar.cz/maxi-vita-davkovac-leku-tydenni/,
Exclude / accessory decision,Do not import to main navigation until approved,blocked,blocked,58,exclude_from_main_or_accessories,Maxi Vita,Maxi Vita,Doplňky a merchandising,Maxi Vita dávkovač léků týdenní,49040001,8591078533856,,,https://www.nasevitaminy.cz/maxi-vita-davkovac-leku-tydenni
VITAR.cz B2C/D2C,New VITAR.cz commerce platform,enrich_from_other_source,review,81,keep_in_main_pim,Maxi Vita,Maxi Vita,Hořčík a minerály,Maxi Vita Železo + kyselina listová,42300015,8595011120004,form,https://www.vitar.cz/maxivita-zelezo-kyselina-listova/,https://www.nasevitaminy.cz/maxi-vita-zelezo-kyselina-listova
VITAR.cz B2C/D2C,New VITAR.cz commerce platform,ready,ready,88,keep_in_main_pim,Maxi Vita,Maxi Vita,Imunita a nachlazení,MaxiVita Herbal HerbaVOX zázvor,42300098,8595011149012,,https://www.vitar.cz/maxivita-herbal-herbavox/,https://www.nasevitaminy.cz/maxivita-herbal-herbavox-zazvor-24-tbl-blistr
VITAR.cz B2C/D2C,New VITAR.cz commerce platform,ready,ready,96,keep_in_main_pim,Maxi Vita,Maxi Vita,Srdce a oběh,Maxi Vita Exclusive Ginkgo biloba - šumivé tablety,41300104,8595011131536,,https://www.vitar.cz/maxivita-exclusive-ginkgo-biloba/,https://www.nasevitaminy.cz/maxi-vita-exclusive-ginkgo-biloba
VITAR.cz B2C/D2C,New VITAR.cz commerce platform,enrich_from_other_source,review,83,keep_in_main_pim,Maxi Vita,Maxi Vita,Srdce a oběh,Maxi Vita Koenzym Q10 30 mg + vitamin C,42300014,8595011118568,form,https://www.vitar.cz/maxivita-koenzym-q10-30-mg-vitamin-c/,https://www.nasevitaminy.cz/maxi-vita-koenzym-q10-30-mg-vitamin-c
VITAR.cz B2C/D2C,New VITAR.cz commerce platform,enrich_from_other_source,ready,93,keep_in_main_pim,Maxi Vita,Maxi Vita,Srdce a oběh,Maxi Vita Omega 3 - rybí olej,42300007,8595011109931,form,https://www.vitar.cz/maxivita-omega-3-rybi-olej/,https://www.nasevitaminy.cz/maxi-vita-omega-3-rybi-olej
VITAR.cz B2C/D2C,New VITAR.cz commerce platform,enrich_from_other_source,review,79,keep_in_main_pim,Maxi Vita,Maxi Vita,Trávení a detox,Maxi Vita Chrom + garcinia cambogia,42300009,8595011109689,form,https://www.vitar.cz/maxivita-chrom-garcinia-cambogia/,https://www.nasevitaminy.cz/maxi-vita-chrom-garcinia-cambogia
VITAR.cz B2C/D2C,New VITAR.cz commerce platform,ready,ready,100,keep_in_main_pim,Maxi Vita,Maxi Vita,Trávení a detox,Maxi Vita Exclusive Detox očista jater - šumivé tablety,41300105,8595011131550,,https://www.vitar.cz/maxivita-exclusive-detox-ocista-jater/,https://www.nasevitaminy.cz/maxi-vita-exclusive-detox-ocista-jater
VITAR.cz B2C/D2C,New VITAR.cz commerce platform,enrich_from_other_source,review,79,keep_in_main_pim,Maxi Vita,Maxi Vita,Trávení a detox,Maxi Vita Exclusive Erektor,42300060,8595011118162,form,https://www.vitar.cz/maxivita-exclusive-erektor/,https://www.nasevitaminy.cz/maxi-vita-exclusive-erektor
VITAR.cz B2C/D2C,New VITAR.cz commerce platform,ready,ready,96,keep_in_main_pim,Maxi Vita,Maxi Vita,Trávení a detox,Maxi Vita Exclusive Odkyselení,41300114,8595011146769,,https://www.vitar.cz/maxi-vita-exclusive-odkyseleni/,https://www.nasevitaminy.cz/maxi-vita-exclusive-odkyseleni-20-eff-tbl
VITAR.cz B2C/D2C,New VITAR.cz commerce platform,enrich_from_other_source,ready,89,keep_in_main_pim,Maxi Vita,Maxi Vita,Trávení a detox,Maxi Vita Herbal Klidná střeva,43200310,8595011143270,form,https://www.vitar.cz/maxivita-herbal-klidna-streva/,https://www.nasevitaminy.cz/maxi-vita-herbal-klidna-streva
VITAR.cz B2C/D2C,New VITAR.cz commerce platform,enrich_from_other_source,review,79,keep_in_main_pim,Maxi Vita,Maxi Vita,Trávení a detox,Maxi Vita Herbal Kurkuma,42300083,8595011144659,form,https://www.vitar.cz/maxi-vita-herbal-kurkuma/,https://www.nasevitaminy.cz/maxi-vita-herbal-kurkuma
VITAR.cz B2C/D2C,New VITAR.cz commerce platform,enrich_from_other_source,review,83,keep_in_main_pim,Maxi Vita,Maxi Vita,Zrak,Maxi Vita Exclusive Lutein forte+,42300065,8595011126938,form,https://www.vitar.cz/maxivita-exclusive-lutein-forte/,https://www.nasevitaminy.cz/maxi-vita-exclusive-lutein-forte
VITAR.cz B2C/D2C,New VITAR.cz commerce platform,enrich_from_other_source,review,83,keep_in_main_pim,Maxi Vita,Maxi Vita,Zrak,Maxi Vita Exclusive Omega 3 forte+,42300071,8595011133806,form,https://www.vitar.cz/maxivita-exclusive-omega-3-forte/,https://www.nasevitaminy.cz/maxi-vita-exclusive-omega-3-forte
VITAR.cz B2C/D2C,New VITAR.cz commerce platform,ready,ready,100,keep_in_main_pim,Maxi Vita,Maxi Vita,Zrak,Maxi Vita Herbal Bylinný elixír Zdravé oči,43800009,8595011130317,,https://www.vitar.cz/maxivita-herbal-bylinny-elixir-zdrave-oci/,https://www.nasevitaminy.cz/maxi-vita-herbal-bylinny-elixir-zdrave-oci
VITAR.cz B2C/D2C,New VITAR.cz commerce platform,enrich_from_other_source,review,83,keep_in_main_pim,Maxi Vita,Maxi Vita,Zrak,Maxi Vita Herbal Očista jater,42300081,8595011118223,form,https://www.vitar.cz/maxivita-herbal-ocista-jater/,https://www.nasevitaminy.cz/maxi-vita-herbal-ocista-jater
VITAR.cz B2C/D2C,New VITAR.cz commerce platform,enrich_from_other_source,ready,93,keep_in_main_pim,Maxi Vita,Maxi Vita,Zrak,Maxi Vita Premium Zdravé oči,42300051,8595011109900,form,https://www.vitar.cz/maxivita-premium-zdrave-oci/,https://www.nasevitaminy.cz/maxi-vita-premium-zdrave-oci
VITAR.cz B2C/D2C,New VITAR.cz commerce platform,enrich_from_other_source,review,83,keep_in_main_pim,Maxi Vita Essentials,Maxi Vita Essentials,"Energie, stres, spánek",Maxi Vita Essentials AlphaMale<sup>®</sup>,42300607,8595011149371,form,https://www.vitar.cz/maxi-vita-essentials-alphamale/,https://www.nasevitaminy.cz/maxi-vita-essentials-alphamale
VITAR.cz B2C/D2C,New VITAR.cz commerce platform,enrich_from_other_source,ready,89,keep_in_main_pim,Maxi Vita Essentials,Maxi Vita Essentials,"Energie, stres, spánek",Maxi Vita Essentials Ashwagandha,42300615,8595011149685,form,https://www.vitar.cz/maxi-vita-essentials-ashwagandha/,https://www.nasevitaminy.cz/maxi-vita-essentials-ashwagandha-30
VITAR.cz B2C/D2C,New VITAR.cz commerce platform,enrich_from_other_source,ready,89,keep_in_main_pim,Maxi Vita Essentials,Maxi Vita Essentials,"Energie, stres, spánek",Maxi Vita Essentials Ashwagandha,42300616,8595011149814,form,https://www.vitar.cz/maxi-vita-essentials-ashwagandha-60-kapsli/,https://www.nasevitaminy.cz/maxi-vita-essentials-ashwagandha-60
VITAR.cz B2C/D2C,New VITAR.cz commerce platform,enrich_from_other_source,review,83,keep_in_main_pim,Maxi Vita Essentials,Maxi Vita Essentials,"Energie, stres, spánek",Maxi Vita Essentials Klidný spánek,42300612,8595011149623,form,https://www.vitar.cz/maxi-vita-essentials-klidny-spanek/,https://www.nasevitaminy.cz/maxi-vita-essentials-klidny-spanek
VITAR.cz B2C/D2C,New VITAR.cz commerce platform,enrich_from_other_source,review,83,keep_in_main_pim,Maxi Vita Essentials,Maxi Vita Essentials,"Energie, stres, spánek",Maxi Vita Essentials Mužská vitalita,42300614,8595011149661,form,https://www.vitar.cz/maxi-vita-essentials-muzska-vitalita/,https://www.nasevitaminy.cz/maxi-vita-essentials-muzska-vitalita
VITAR.cz B2C/D2C,New VITAR.cz commerce platform,enrich_from_other_source,review,79,keep_in_main_pim,Maxi Vita Essentials,Maxi Vita Essentials,Hořčík a minerály,Maxi Vita Essentials FemBalance<sup>®</sup>,42300603,8595011149296,form,https://www.vitar.cz/maxi-vita-essentials-fembalance/,https://www.nasevitaminy.cz/maxi-vita-essentials-fembalance
VITAR.cz B2C/D2C,New VITAR.cz commerce platform,enrich_from_other_source,review,79,keep_in_main_pim,Maxi Vita Essentials,Maxi Vita Essentials,Hořčík a minerály,Maxi Vita Essentials Goddess,42300604,8595011149319,form,https://www.vitar.cz/maxi-vita-essentials-goddess/,https://www.nasevitaminy.cz/maxi-vita-essentials-goddess
VITAR.cz B2C/D2C,New VITAR.cz commerce platform,enrich_from_other_source,review,79,keep_in_main_pim,Maxi Vita Essentials,Maxi Vita Essentials,Hořčík a minerály,Maxi Vita Essentials Hormonální pohoda,42300610,8595011149586,form,https://www.vitar.cz/maxi-vita-essentials-hormonalni-pohoda/,https://www.nasevitaminy.cz/maxi-vita-essentials-hormon-pohoda
VITAR.cz B2C/D2C,New VITAR.cz commerce platform,enrich_from_other_source,review,83,keep_in_main_pim,Maxi Vita Essentials,Maxi Vita Essentials,Hořčík a minerály,Maxi Vita Essentials Magnesium Bisglycinate,42300601,8595011149258,form,https://www.vitar.cz/maxi-vita-essentials-magnesium-bisglycinate/,https://www.nasevitaminy.cz/maxi-vita-essentials-magnesium-bisglycinate
VITAR.cz B2C/D2C,New VITAR.cz commerce platform,enrich_from_other_source,review,83,keep_in_main_pim,Maxi Vita Essentials,Maxi Vita Essentials,Hořčík a minerály,Maxi Vita Essentials Magnesium Malate,42300602,8595011149272,form,https://www.vitar.cz/maxi-vita-essentials-magnesium-malate/,https://www.nasevitaminy.cz/maxi-vita-essentials-magnesium-malate
VITAR.cz B2C/D2C,New VITAR.cz commerce platform,enrich_from_other_source,review,83,keep_in_main_pim,Maxi Vita Essentials,Maxi Vita Essentials,Hořčík a minerály,Maxi Vita Essentials Ranní energie,42300609,8595011149562,form,https://www.vitar.cz/maxi-vita-essentials-ranni-energie/,https://www.nasevitaminy.cz/maxi-vita-essentials-ranni-energie
VITAR.cz B2C/D2C,New VITAR.cz commerce platform,enrich_from_other_source,review,83,keep_in_main_pim,Maxi Vita Essentials,Maxi Vita Essentials,Hořčík a minerály,Maxi Vita Essentials Večerní pohoda,42300608,8595011149548,form,https://www.vitar.cz/maxi-vita-essentials-vecerni-pohoda/,https://www.nasevitaminy.cz/maxi-vita-essentials-vecerni-pohoda
VITAR.cz B2C/D2C,New VITAR.cz commerce platform,enrich_from_other_source,review,83,keep_in_main_pim,Maxi Vita Essentials,Maxi Vita Essentials,Klouby a pohyb,Maxi Vita Essentials Kloubní výživa,42300613,8595011149647,form,https://www.vitar.cz/maxi-vita-essentials-kloubni-vyziva/,https://www.nasevitaminy.cz/maxi-vita-essentials-kloubni-vyziva
VITAR.cz B2C/D2C,New VITAR.cz commerce platform,enrich_from_other_source,review,83,keep_in_main_pim,Maxi Vita Essentials,Maxi Vita Essentials,Klouby a pohyb,Maxi Vita Essentials Motion+,42300606,8595011149357,form,https://www.vitar.cz/maxi-vita-essentials-motion/,https://www.nasevitaminy.cz/maxi-vita-essentials-motion
VITAR.cz B2C/D2C,New VITAR.cz commerce platform,enrich_from_other_source,review,83,keep_in_main_pim,Maxi Vita Essentials,Maxi Vita Essentials,"Krása, vlasy, pleť",Maxi Vita Essentials Krásná pleť,42300611,8595011149609,form,https://www.vitar.cz/maxi-vita-essentials-krasna-plet/,https://www.nasevitaminy.cz/maxi-vita-essentials-krasna-plet
VITAR.cz B2C/D2C,New VITAR.cz commerce platform,enrich_from_other_source,review,79,keep_in_main_pim,Maxi Vita Essentials,Maxi Vita Essentials,Zrak,Maxi Vita Essentials RegenSleep<sup>®</sup>,42300605,8595011149333,form,https://www.vitar.cz/maxi-vita-essentials-regensleep/,https://www.nasevitaminy.cz/maxi-vita-essentials-regensleep
VITAR.cz B2C/D2C,New VITAR.cz commerce platform,ready,ready,96,keep_in_main_pim,OvoCé,OvoCé,Nápoje a pitný režim,OvoCé Nápoj v prášku - grep,43200102,8595011119916,,https://www.vitar.cz/ovoce-napoj-v-prasku-grep/,https://www.nasevitaminy.cz/ovoce-napoj-v-prasku-grep
VITAR.cz B2C/D2C,New VITAR.cz commerce platform,ready,ready,96,keep_in_main_pim,OvoCé,OvoCé,Nápoje a pitný režim,OvoCé Nápoj v prášku - jahoda a malina,43200103,8595011119947,,https://www.vitar.cz/ovoce-napoj-v-prasku-jahoda-a-malina/,https://www.nasevitaminy.cz/ovoce-napoj-v-prasku-jahoda-a-malina
VITAR.cz B2C/D2C,New VITAR.cz commerce platform,ready,ready,96,keep_in_main_pim,OvoCé,OvoCé,Nápoje a pitný režim,OvoCé Nápoj v prášku - pomeranč,43200100,8595011119886,,https://www.vitar.cz/ovoce-napoj-v-prasku-pomeranc/,https://www.nasevitaminy.cz/ovoce-napoj-v-prasku-pomeranc
VITAR.cz B2C/D2C,New VITAR.cz commerce platform,review,review,85,keep_in_main_pim,Predator,Predator,Repelenty a paraziti,Predator 16% - 150 ml,50100102,8595117102447,,,https://www.nasevitaminy.cz/predator-16-150-ml-ret
VITAR.cz B2C/D2C,New VITAR.cz commerce platform,review,review,85,keep_in_main_pim,Predator,Predator,Repelenty a paraziti,Predator 16% - 300 ml XXL,50100103,8595117101716,,,https://www.nasevitaminy.cz/predator-16-300-ml-xxl
VITAR.cz B2C/D2C,New VITAR.cz commerce platform,ready,ready,96,keep_in_main_pim,Predator,Predator,Repelenty a paraziti,Predator Gel po bodnutí hmyzem 25 ml,50100206,0000085951181,,https://www.vitar.cz/predator-gel-po-bodnuti-hmyzem/,https://www.nasevitaminy.cz/predator-gel-po-bodnuti-hmyzem
VITAR.cz B2C/D2C,New VITAR.cz commerce platform,review,review,81,keep_in_main_pim,Predator,Predator,Repelenty a paraziti,Predator IXO protector,50100502,8595117103000,,https://www.vitar.cz/predator-ixo-protector/,https://www.nasevitaminy.cz/predator-ixo-protector
VITAR.cz B2C/D2C,New VITAR.cz commerce platform,review,review,85,keep_in_main_pim,Predator,Predator,Repelenty a paraziti,Predator Outdoor Impregnace Alfa sprej 400 ml,50100118,8595117103369,,https://www.vitar.cz/predator-outdoor-impregnace-alfa-sprej-400-ml/,https://www.nasevitaminy.cz/predator-outdoor-impregnace-alfa-sprej-400-ml
VITAR.cz B2C/D2C,New VITAR.cz commerce platform,ready,ready,96,keep_in_main_pim,Predator,Predator,Repelenty a paraziti,Predator Parazit Sérum,50100305,8595117103062,,https://www.vitar.cz/predator-parazit-serum/,https://www.nasevitaminy.cz/predator-parazit-serum
VITAR.cz B2C/D2C,New VITAR.cz commerce platform,ready,ready,96,keep_in_main_pim,Predator,Predator,Repelenty a paraziti,Predator Parazit Sérum + šampon + hřeben,50100301,8595117102898,,https://www.vitar.cz/predator-parazit-serum-sampon-hreben/,https://www.nasevitaminy.cz/predator-parazit-serum-sampon-hreben
VITAR.cz B2C/D2C,New VITAR.cz commerce platform,review,review,85,keep_in_main_pim,Predator,Predator,Repelenty a paraziti,Predator Parazit hřeben na vši,50100302,8595011120776,,https://www.vitar.cz/predator-parazit-hreben-na-vsi/,https://www.nasevitaminy.cz/predator-parazit-hreben-na-vsi
VITAR.cz B2C/D2C,New VITAR.cz commerce platform,review,review,85,keep_in_main_pim,Predator,Predator,Repelenty a paraziti,Predator Parazit sprej na vši,50100119,8595117103840,,https://www.vitar.cz/predator-parazit-sprej-na-vsi/,https://www.nasevitaminy.cz/predator-parazit-sprej-na-vsi
VITAR.cz B2C/D2C,New VITAR.cz commerce platform,review,review,85,keep_in_main_pim,Predator,Predator,Repelenty a paraziti,Predator Repelent 150 ml,50100201,8595117100733,,https://www.vitar.cz/predator-repelent/,https://www.nasevitaminy.cz/predator-repelent
VITAR.cz B2C/D2C,New VITAR.cz commerce platform,ready,ready,100,keep_in_main_pim,Predator,Predator,Repelenty a paraziti,Predator Repelent 3D - prostorový repelent 300 ml,50100109,8595117102041,,https://www.vitar.cz/predator-repelent-3d-prostorovy-repelent/,https://www.nasevitaminy.cz/predator-repelent-3d-prostorovy-repelent
VITAR.cz B2C/D2C,New VITAR.cz commerce platform,review,review,85,keep_in_main_pim,Predator,Predator,Repelenty a paraziti,Predator Repelent Bio 150 ml,50100209,8595117103314,,https://www.vitar.cz/predator-repelent-bio/,https://www.nasevitaminy.cz/predator-repelent-bio
VITAR.cz B2C/D2C,New VITAR.cz commerce platform,review,review,85,keep_in_main_pim,Predator,Predator,Repelenty a paraziti,Predator Repelent Forte 150 ml,50100202,8595117101709,,https://www.vitar.cz/predator-repelent-forte/,https://www.nasevitaminy.cz/predator-repelent-forte
VITAR.cz B2C/D2C,New VITAR.cz commerce platform,review,review,85,keep_in_main_pim,Predator,Predator,Repelenty a paraziti,Predator Repelent Forte 90 ml,50100207,8595117103246,,https://www.vitar.cz/predator-repelent-forte-90-ml/,https://www.nasevitaminy.cz/predator-repelent-forte-90-ml
VITAR.cz B2C/D2C,New VITAR.cz commerce platform,ready,ready,100,keep_in_main_pim,Predator,Predator,Repelenty a paraziti,Predator Repelent Forte XXL 300 ml,50100210,8595117103758,,https://www.vitar.cz/predator-repelent-forte-xxl-300-ml/,https://www.nasevitaminy.cz/predator-repelent-forte-xxl-300-ml
VITAR.cz B2C/D2C,New VITAR.cz commerce platform,review,review,85,keep_in_main_pim,Predator,Predator,Repelenty a paraziti,Predator Repelent Junior 150 ml,50100203,8595117101983,,https://www.vitar.cz/predator-repelent-junior-1426/,https://www.nasevitaminy.cz/predator-repelent-junior
VITAR.cz B2C/D2C,New VITAR.cz commerce platform,review,review,85,keep_in_main_pim,Predator,Predator,Repelenty a paraziti,Predator Repelent Maxx plus 80 ml,50100107,8595117102843,,https://www.vitar.cz/predator-repelent-maxx-plus/,https://www.nasevitaminy.cz/predator-repelent-maxx-plus
VITAR.cz B2C/D2C,New VITAR.cz commerce platform,review,review,85,keep_in_main_pim,Predator,Predator,Repelenty a paraziti,Predator Repelent Maxx sprej 90 ml,50100117,8595117102829,,https://www.vitar.cz/predator-repelent-maxx-90-ml/,https://www.nasevitaminy.cz/predator-repelent-maxx-90-ml
VITAR.cz B2C/D2C,New VITAR.cz commerce platform,ready,ready,95,keep_in_main_pim,Predator,Predator,Repelenty a paraziti,Predator Repelent Outdoor impregnace+ 200 ml,50100108,8595117102058,,https://www.vitar.cz/predator-repelent-outdoor-impregnace/,https://www.nasevitaminy.cz/predator-repelent-outdoor-impregnace
VITAR.cz B2C/D2C,New VITAR.cz commerce platform,review,review,85,keep_in_main_pim,Predator,Predator,Repelenty a paraziti,Predator sprej 16% - 90 ml,50100112,8595117103123,,,https://www.nasevitaminy.cz/predator-sprej-16-90-ml
VITAR.cz B2C/D2C,New VITAR.cz commerce platform,ready,ready,92,keep_in_main_pim,Revital,Revital,Hořčík a minerály,Revital Ferrodyn - šumivé tablety,41200008,8595011104813,,https://www.vitar.cz/revital-ferrodyn/,https://www.nasevitaminy.cz/revital-ferrodyn
VITAR.cz B2C/D2C,New VITAR.cz commerce platform,review,review,76,keep_in_main_pim,Revital,Revital,"Energie, stres, spánek",Revital Hořčík + vitamin B6,00000006,,,https://www.vitar.cz/revital-horcik-vitamin-b6/,
VITAR.cz B2C/D2C,New VITAR.cz commerce platform,ready,ready,87,keep_in_main_pim,Revital,Revital,"Energie, stres, spánek",Revital Hořčík + vitamin B6 - grep,41200005,8595011113280,,,https://www.nasevitaminy.cz/revital-horcik-vitamin-b6-grep
VITAR.cz B2C/D2C,New VITAR.cz commerce platform,ready,ready,87,keep_in_main_pim,Revital,Revital,"Energie, stres, spánek",Revital Hořčík + vitamin B6 - černý rybíz,41200027,8595011126242,,,https://www.nasevitaminy.cz/revital-horcik-vitamin-b6-cerny-rybiz
VITAR.cz B2C/D2C,New VITAR.cz commerce platform,review,review,80,keep_in_main_pim,Revital,Revital,Hořčík a minerály,Revital Multi forte,00000005,,,https://www.vitar.cz/revital-multi-forte/,
VITAR.cz B2C/D2C,New VITAR.cz commerce platform,ready,ready,91,keep_in_main_pim,Revital,Revital,Hořčík a minerály,Revital Multi forte - pomeranč,41200023,8595011124521,,,https://www.nasevitaminy.cz/revital-multi-forte-pomeranc
VITAR.cz B2C/D2C,New VITAR.cz commerce platform,ready,ready,91,keep_in_main_pim,Revital,Revital,Hořčík a minerály,Revital Multi forte - tropické ovoce,41200024,8595011124545,,,https://www.nasevitaminy.cz/revital-multi-forte-tropicke-ovoce
VITAR.cz B2C/D2C,New VITAR.cz commerce platform,ready,ready,92,keep_in_main_pim,Revital,Revital,"Energie, stres, spánek",Revital Tripple pack 3 x 20 tablet,41200112,8595011146486,,,https://www.nasevitaminy.cz/revital-tripple-pack-3-x-20-eff-3-prichute
VITAR.cz B2C/D2C,New VITAR.cz commerce platform,ready,ready,100,keep_in_main_pim,Revital,Revital,Hořčík a minerály,"Revital Vápník + hořčík + vitaminy C, B6, D3, K1 - šumivé tablety",41200003,8595011100129,,https://www.vitar.cz/revital-vapnik-horcik-vitaminy-c-b6-d3-k1/,https://www.nasevitaminy.cz/revital-vapnik-horcik-vitaminy-c-b6-d3-k1
VITAR.cz B2C/D2C,New VITAR.cz commerce platform,review,review,80,keep_in_main_pim,Revital,Revital,Imunita a nachlazení,Revital C vitamin 1000 mg,00000003,,,https://www.vitar.cz/revital-c-vitamin-1000-mg/,
VITAR.cz B2C/D2C,New VITAR.cz commerce platform,ready,ready,91,keep_in_main_pim,Revital,Revital,Imunita a nachlazení,Revital C vitamin 1000 mg - citron,41200020,8595011124460,,,https://www.nasevitaminy.cz/revital-c-vitamin-1000-mg-citron
VITAR.cz B2C/D2C,New VITAR.cz commerce platform,ready,ready,91,keep_in_main_pim,Revital,Revital,Imunita a nachlazení,Revital C vitamin 1000 mg - pomeranč,41200019,8595011124446,,,https://www.nasevitaminy.cz/revital-c-vitamin-1000-mg-pomeranc
VITAR.cz B2C/D2C,New VITAR.cz commerce platform,review,review,80,keep_in_main_pim,Revital,Revital,Imunita a nachlazení,Revital C vitamin 500 mg,00000002,,,https://www.vitar.cz/revital-vitamin-c-500-mg/,
VITAR.cz B2C/D2C,New VITAR.cz commerce platform,ready,ready,91,keep_in_main_pim,Revital,Revital,Imunita a nachlazení,Revital C vitamin 500 mg - jahoda,41200018,8595011124422,,,https://www.nasevitaminy.cz/revital-c-vitamin-500-mg-lesni-jahoda
VITAR.cz B2C/D2C,New VITAR.cz commerce platform,ready,ready,91,keep_in_main_pim,Revital,Revital,Imunita a nachlazení,Revital C vitamin 500 mg - pomeranč,41200017,8595011124408,,,https://www.nasevitaminy.cz/revital-c-vitamin-500-mg-pomeranc
VITAR.cz B2C/D2C,New VITAR.cz commerce platform,review,review,80,keep_in_main_pim,Revital,Revital,Imunita a nachlazení,Revital Multi,00000004,,,https://www.vitar.cz/revital-multi/,
VITAR.cz B2C/D2C,New VITAR.cz commerce platform,ready,ready,95,keep_in_main_pim,Revital,Revital,Imunita a nachlazení,Revital Multi - malina,41200022,8595011124507,,,https://www.nasevitaminy.cz/revital-multi-malina
VITAR.cz B2C/D2C,New VITAR.cz commerce platform,ready,ready,95,keep_in_main_pim,Revital,Revital,Imunita a nachlazení,Revital Multi - pomeranč,41200021,8595011124484,,,https://www.nasevitaminy.cz/revital-multi-pomeranc
VITAR.cz B2C/D2C,New VITAR.cz commerce platform,enrich_from_other_source,review,75,keep_in_main_pim,Revital,Revital,"Energie, stres, spánek",Revital L-Tryptofan forte,42200070,8595011123135,form,https://www.vitar.cz/vitar-l-tryptofan-forte/,https://www.nasevitaminy.cz/vitar-l-tryptofan-forte
VITAR.cz B2C/D2C,New VITAR.cz commerce platform,ready,ready,100,keep_in_main_pim,Revital Botanicals,Revital Botanicals,"Energie, stres, spánek",Revital Botanicals Energie a Vitalita,41201101,8595011146547,,https://www.vitar.cz/revital-botanicals-energie-a-vitalita/,https://www.nasevitaminy.cz/revital-botanicals-energia-a-vitalita-20eff
VITAR.cz B2C/D2C,New VITAR.cz commerce platform,ready,ready,100,keep_in_main_pim,Revital Botanicals,Revital Botanicals,"Energie, stres, spánek",Revital Botanicals Spánek a Uklidnění,41201102,8595011146561,,https://www.vitar.cz/revital-botanicals-spanek-a-uklidneni/,https://www.nasevitaminy.cz/revital-botanicals-spanok-a-upokojenie20eff
VITAR.cz B2C/D2C,New VITAR.cz commerce platform,review,review,84,keep_in_main_pim,Revital Botanicals,Revital Botanicals,Hořčík a minerály,Revital Botanicals Hořčík + B6,41201107,,,https://www.vitar.cz/revital-botanicals-horcik-b6/,
VITAR.cz B2C/D2C,New VITAR.cz commerce platform,ready,ready,100,keep_in_main_pim,Revital Botanicals,Revital Botanicals,Hořčík a minerály,Revital Botanicals Hořčík + B6,41201107,8595011146981,,,https://www.nasevitaminy.cz/revital-botanicals-magnesium-20-eff
VITAR.cz B2C/D2C,New VITAR.cz commerce platform,ready,ready,88,keep_in_main_pim,Revital Botanicals,Revital Botanicals,Imunita a nachlazení,Revital Botanicals Multivitamín + Minerály | Šumivé tablety s extrakty,41201104,8595011146929,,https://www.vitar.cz/revital-botanicals-multivitamin-mineraly/,https://www.nasevitaminy.cz/revital-botanicals-multivitamin-mineraly
VITAR.cz B2C/D2C,New VITAR.cz commerce platform,review,review,80,keep_in_main_pim,Revital Botanicals,Revital Botanicals,Imunita a nachlazení,Revital Botanicals Multivitamin rakytník + červený pomeranč,41201103,,,https://www.vitar.cz/revital-botanicals-multivitamin-rakytnik-cerveny-pomeranc/,
VITAR.cz B2C/D2C,New VITAR.cz commerce platform,ready,ready,96,keep_in_main_pim,Revital Botanicals,Revital Botanicals,Imunita a nachlazení,Revital Botanicals Multivitamín,41201103,8595011146585,,,https://www.nasevitaminy.cz/revital-botanicals-multivitamin-20-eff-tbl
VITAR.cz B2C/D2C,New VITAR.cz commerce platform,ready,ready,100,keep_in_main_pim,Revital Botanicals,Revital Botanicals,Imunita a nachlazení,Revital Botanicals Vitamin C 1000 mg,41201106,8595011146967,,https://www.vitar.cz/revital-botanicals-vitamin-c-1000-mg/,https://www.nasevitaminy.cz/revital-botanicals-vit-c-1000-mg-20-eff
VITAR.cz B2C/D2C,New VITAR.cz commerce platform,ready,ready,100,keep_in_main_pim,Revital Botanicals,Revital Botanicals,Imunita a nachlazení,Revital Botanicals Vitamin C 500 mg,41201105,8595011146943,,https://www.vitar.cz/revital-botanicals-vitamin-c-500-mg/,https://www.nasevitaminy.cz/revital-botanicals-vitamin-c-500-mg-20-eff
VITAR.cz B2C/D2C,New VITAR.cz commerce platform,ready,ready,100,keep_in_main_pim,Revitalon,Revitalon,"Krása, vlasy, pleť",Revitalon Forte (30 kapslí),42200080,8595011128598,,https://www.vitar.cz/revitalon-forte/,https://www.nasevitaminy.cz/revitalon-forte
VITAR.cz B2C/D2C,New VITAR.cz commerce platform,ready,ready,100,keep_in_main_pim,Revitalon,Revitalon,"Krása, vlasy, pleť",Revitalon Forte - výhodné balení (90 + 30 kapslí ZDARMA),42200082,8595011128628,,https://www.vitar.cz/revitalon-forte-vyhodne-baleni-90-30-kapsli-zdarma/,https://www.nasevitaminy.cz/revitalon-forte-vyhodne-baleni-90-30-kapsli-zdarma
VITAR.cz B2C/D2C,New VITAR.cz commerce platform,ready,ready,100,keep_in_main_pim,Revitalon,Revitalon,"Krása, vlasy, pleť",Revitalon Kofeinový šampon,49000001,8595011136623,,https://www.vitar.cz/revitalon-kofeinovy-sampon/,https://www.nasevitaminy.cz/revitalon-kofeinovy-sampon
VITAR.cz B2C/D2C,New VITAR.cz commerce platform,enrich_from_other_source,ready,93,keep_in_main_pim,Revitalon,Revitalon,"Krása, vlasy, pleť",Revitalon Revitalon Mořský kolagen DRINK 4 000 mg,43200501,8595011145007,form,https://www.vitar.cz/revitalon-morsky-kolagen-drink-4-000-mg/,https://www.nasevitaminy.cz/revitalon-morsky-kolagen-drink-4-000-mg
VITAR.cz B2C/D2C,New VITAR.cz commerce platform,ready,ready,100,keep_in_main_pim,Revitalon,Revitalon,"Krása, vlasy, pleť",Revitalon Vlasové sérum,49000003,8595011141733,,https://www.vitar.cz/revitalon-vlasove-serum/,https://www.nasevitaminy.cz/revitalon-vlasove-serum
VITAR.cz B2C/D2C,New VITAR.cz commerce platform,enrich_from_other_source,review,83,keep_in_main_pim,Vitar,Vitar,"Energie, stres, spánek",Vitar Klidný spánek,43200409,8595011145595,form,https://www.vitar.cz/vitar-klidny-spanek/,https://www.nasevitaminy.cz/vitar-klidny-spanek
VITAR Sport,VITAR Sport platform / SBU decision,separate_review,separate_review,52,separate_vitar_sport_review,Enervit,Vitar,Sport / VITAR Sport SBU,Energetické tablety,EN1018,,,https://www.vitar.cz/energeticke-tablety/,
VITAR.cz B2C/D2C,New VITAR.cz commerce platform,ready,ready,100,keep_in_main_pim,Vitar,Vitar,Hořčík a minerály,Hořčík - bez cukru - šumivé vitaminy,41300008,8595011119251,,https://www.vitar.cz/horcik-bez-cukru/,https://www.nasevitaminy.cz/horcik-bez-cukru
VITAR.cz B2C/D2C,New VITAR.cz commerce platform,review,review,84,keep_in_main_pim,Vitar,Vitar,Hořčík a minerály,Vitar Hořčík 375 mg,00000023,,,https://www.vitar.cz/vitar-horcik-375-mg-1399/,
VITAR.cz B2C/D2C,New VITAR.cz commerce platform,ready,ready,95,keep_in_main_pim,Vitar,Vitar,Hořčík a minerály,Vitar Hořčík 375 mg - ananas,41221102,8595011133073,,,https://www.nasevitaminy.cz/vitar-horcik-375-mg-ananas
VITAR.cz B2C/D2C,New VITAR.cz commerce platform,ready,ready,95,keep_in_main_pim,Vitar,Vitar,Hořčík a minerály,Vitar Hořčík 375 mg - mango,41220107,8595011127270,,,https://www.nasevitaminy.cz/vitar-horcik-375-mg-mango
VITAR.cz B2C/D2C,New VITAR.cz commerce platform,review,review,76,keep_in_main_pim,Vitar,Vitar,"Energie, stres, spánek",Vitar Magnézium 400 mg + vitamin B6 + vitamin C,00000024,,,https://www.vitar.cz/vitar-magnezium-400-mg-vitamin-b6-vitamin-c-1734/,
VITAR.cz B2C/D2C,New VITAR.cz commerce platform,ready,ready,87,keep_in_main_pim,Vitar,Vitar,"Energie, stres, spánek",Vitar Magnézium 400 mg + vitamin B6 + vitamin C - grep,43200406,8595011136319,,,https://www.nasevitaminy.cz/vitar-magnezium-400-mg-vitamin-b6-vitamin-c-grep
VITAR.cz B2C/D2C,New VITAR.cz commerce platform,ready,ready,87,keep_in_main_pim,Vitar,Vitar,"Energie, stres, spánek",Vitar Magnézium 400 mg + vitamin B6 + vitamin C - mango,43200403,8595011135114,,,https://www.nasevitaminy.cz/vitar-magnezium-400-mg-vitamin-b6-vitamin-c-mango
VITAR.cz B2C/D2C,New VITAR.cz commerce platform,enrich_from_other_source,ready,89,keep_in_main_pim,Vitar,Vitar,Hořčík a minerály,Vitar Vitamin D3 Forte 1000 IU,42200097,8595011135657,form,https://www.vitar.cz/vitar-vitamin-d3-forte-1000-iu/,https://www.nasevitaminy.cz/vitar-vitamin-d3-forte-1000-iu
VITAR.cz B2C/D2C,New VITAR.cz commerce platform,ready,ready,100,keep_in_main_pim,Vitar,Vitar,Hořčík a minerály,Vitar Vápník + hořčík + zinek,42200054,8595011119152,,https://www.vitar.cz/vitar-vapnik-horcik-zinek/,https://www.nasevitaminy.cz/vitar-vapnik-horcik-zinek
VITAR.cz B2C/D2C,New VITAR.cz commerce platform,enrich_from_other_source,ready,89,keep_in_main_pim,Vitar,Vitar,Hořčík a minerály,Vitar Zinek 15 mg,42300505,8595011141818,form,https://www.vitar.cz/vitar-zinek-15-mg/,https://www.nasevitaminy.cz/vitar-zinek-15-mg
VITAR.cz B2C/D2C,New VITAR.cz commerce platform,ready,ready,100,keep_in_main_pim,Vitar,Vitar,Hořčík a minerály,Vápník + hořčík + vitamin C - bez cukru - šumivé tablety,41300003,8595011104417,,https://www.vitar.cz/vapnik-horcik-vitamin-c-bez-cukru/,https://www.nasevitaminy.cz/vapnik-horcik-vitamin-c-bez-cukru
VITAR.cz B2C/D2C,New VITAR.cz commerce platform,ready,ready,100,keep_in_main_pim,Vitar,Vitar,Hořčík a minerály,Vápník + hořčík + vitamin C - bez cukru - šumivé tablety,41300010,8595011110654,,,https://www.nasevitaminy.cz/mix-6-sumivych-vitaminu-bez-cukru
VITAR.cz B2C/D2C,New VITAR.cz commerce platform,enrich_from_other_source,review,79,keep_in_main_pim,Vitar,Vitar,Imunita a nachlazení,Vitar Betaglukan 150 mg,43200411,8595011146622,form,https://www.vitar.cz/vitar-betaglukan/,https://www.nasevitaminy.cz/vitar-betaglukan-150-mg
VITAR.cz B2C/D2C,New VITAR.cz commerce platform,enrich_from_other_source,ready,89,keep_in_main_pim,Vitar,Vitar,Imunita a nachlazení,Vitar Probiotika pomeranč,43200407,8595011144512,form,https://www.vitar.cz/vitar-probiotika-pomeranc/,https://www.nasevitaminy.cz/vitar-probiotika-pomeranc
VITAR.cz B2C/D2C,New VITAR.cz commerce platform,enrich_from_other_source,ready,93,keep_in_main_pim,Vitar,Vitar,Imunita a nachlazení,Vitar Vitamin C,43700003,8595011100082,form,https://www.vitar.cz/vitar-vitamin-c/,https://www.nasevitaminy.cz/vitar-vitamin-c
VITAR.cz B2C/D2C,New VITAR.cz commerce platform,enrich_from_other_source,ready,93,keep_in_main_pim,Vitar,Vitar,Imunita a nachlazení,Vitar Vitamin C + zinek,42200000,8595011109498,form,https://www.vitar.cz/vitar-vitamin-c-zinek/,https://www.nasevitaminy.cz/vitar-vitamin-c-zinek
VITAR.cz B2C/D2C,New VITAR.cz commerce platform,enrich_from_other_source,review,83,keep_in_main_pim,Vitar,Vitar,Imunita a nachlazení,Vitar Vitamin C + zinek + echinacea a šípek,42200063,8595011121575,form,https://www.vitar.cz/vitar-vitamin-c-zinek-echinacea-a-sipek/,https://www.nasevitaminy.cz/vitar-vitamin-c-zinek-echinacea-a-sipek
VITAR.cz B2C/D2C,New VITAR.cz commerce platform,enrich_from_other_source,ready,93,keep_in_main_pim,Vitar,Vitar,Imunita a nachlazení,Vitar Vitamin C 1000 mg s rakytníkem,42201003,8595011133400,form,https://www.vitar.cz/vitar-vitamin-c-1000-mg-s-rakytnikem/,https://www.nasevitaminy.cz/vitar-vitamin-c-1000-mg-s-rakytnikem
VITAR.cz B2C/D2C,New VITAR.cz commerce platform,ready,ready,94,keep_in_main_pim,Vitar,Vitar,Imunita a nachlazení,Vitar Vitamin C 300 mg + rakytník + zinek,43200404,8595011135701,,https://www.vitar.cz/vitar-vitamin-c-300-mg-rakytnik-zinek/,
VITAR.cz B2C/D2C,New VITAR.cz commerce platform,enrich_from_other_source,review,83,keep_in_main_pim,Vitar,Vitar,Imunita a nachlazení,Vitar Vitamin C 500 mg s rakytníkem,42201106,8595011135831,form,https://www.vitar.cz/vitar-vitamin-c-500-mg-s-rakytnikem/,https://www.nasevitaminy.cz/vitar-vitamin-c-500-mg-s-rakytnikem
VITAR Sport,VITAR Sport platform / SBU decision,separate_review,separate_review,41,separate_vitar_sport_review,Enervit,Vitar,Sport / VITAR Sport SBU,PRE Sport,EN98534,,,https://www.vitar.cz/enervit-pre-sport/,
VITAR.cz B2C/D2C,New VITAR.cz commerce platform,ready,ready,100,keep_in_main_pim,Vitar,Vitar,"Krása, vlasy, pleť",Vitar Super beta-karoten (120 tbl) s měsíčkem a sedmikráskou,42200091,8595011131901,,,https://www.nasevitaminy.cz/vitar-super-beta-karoten-120-tbl-s-mesickem-a-sedmikraskou
VITAR.cz B2C/D2C,New VITAR.cz commerce platform,ready,ready,100,keep_in_main_pim,Vitar,Vitar,"Krása, vlasy, pleť",Vitar Super beta-karoten (60 tbl) s měsíčkem a sedmikráskou,42200090,8595011131888,,,https://www.nasevitaminy.cz/vitar-super-beta-karoten-60-tbl-s-mesickem-a-sedmikraskou
VITAR.cz B2C/D2C,New VITAR.cz commerce platform,review,review,84,keep_in_main_pim,Vitar,Vitar,"Krása, vlasy, pleť",Vitar Super beta-karoten s měsíčkem a sedmikráskou,00000022,,,https://www.vitar.cz/vitar-super-beta-karoten-s-mesickem-a-sedmikraskou/,
VITAR.cz B2C/D2C,New VITAR.cz commerce platform,ready,ready,96,keep_in_main_pim,Vitar,Vitar,"Krása, vlasy, pleť",Vitar Vazelina - Aloe vera a bambucké máslo,43400003,8595011117424,,https://www.vitar.cz/vitar-vazelina-aloe-vera-a-bambucke-maslo/,https://www.nasevitaminy.cz/vitar-vazelina-aloe-vera-a-bambucke-maslo
VITAR.cz B2C/D2C,New VITAR.cz commerce platform,review,review,84,keep_in_main_pim,Vitar,Vitar,"Krása, vlasy, pleť",Vitar Vazelina - Extra jemná bílá,00000010,,,https://www.vitar.cz/vitar-vazelina-extra-jemna-bila-1546/,
VITAR.cz B2C/D2C,New VITAR.cz commerce platform,ready,ready,96,keep_in_main_pim,Vitar,Vitar,"Krása, vlasy, pleť",Vitar Vazelina - Extra jemná bílá 110 g,43400001,8595011105940,,,https://www.nasevitaminy.cz/vitar-vazelina-extra-jemna-bila-2
VITAR.cz B2C/D2C,New VITAR.cz commerce platform,ready,ready,96,keep_in_main_pim,Vitar,Vitar,"Krása, vlasy, pleť",Vitar Vazelina - Extra jemná bílá 1kg,43400006,8595011120080,,,https://www.nasevitaminy.cz/vitar-vazelina-extra-jemna-bila-1kg
VITAR.cz B2C/D2C,New VITAR.cz commerce platform,ready,ready,96,keep_in_main_pim,Vitar,Vitar,"Krása, vlasy, pleť",Vitar Vazelina - Extra jemná bílá 400g,43400005,8595011120066,,,https://www.nasevitaminy.cz/vitar-vazelina-extra-jemna-bila-400g
VITAR.cz B2C/D2C,New VITAR.cz commerce platform,enrich_from_other_source,review,83,keep_in_main_pim,Vitar,Vitar,Močové cesty,Vitar Ginkgo Biloba,42200076,8595011125344,form,https://www.vitar.cz/vitar-ginkgo-biloba-forte/,https://www.nasevitaminy.cz/vitar-ginkgo-biloba-forte
VITAR.cz B2C/D2C,New VITAR.cz commerce platform,enrich_from_other_source,ready,89,keep_in_main_pim,Vitar,Vitar,Močové cesty,Vitar Kanadské brusinky AKUT 500 mg,42201105,8595011135800,form,https://www.vitar.cz/vitar-kanadske-brusinky-akut-500-mg/,https://www.nasevitaminy.cz/vitar-kanadske-brusinky-akut-500-mg
VITAR.cz B2C/D2C,New VITAR.cz commerce platform,ready,ready,96,keep_in_main_pim,Vitar,Vitar,Močové cesty,Vitar Soda (prášek),43700002,8595011100099,,https://www.vitar.cz/vitar-soda-prasek/,https://www.nasevitaminy.cz/vitar-soda-prasek
VITAR.cz B2C/D2C,New VITAR.cz commerce platform,ready,ready,96,keep_in_main_pim,Vitar,Vitar,Močové cesty,Vitar Soda (tablety),43700001,8595011100068,,https://www.vitar.cz/vitar-soda-tablety/,https://www.nasevitaminy.cz/vitar-soda-tablety
VITAR.cz B2C/D2C,New VITAR.cz commerce platform,enrich_from_other_source,ready,93,keep_in_main_pim,Vitar,Vitar,Močové cesty,Vitar Vitamin K2 + D3 + B1,42200098,8595011145243,form,https://www.vitar.cz/vitar-vitamin-k2-d3-forte/,https://www.nasevitaminy.cz/vitar-vitamin-k2-d3-forte
VITAR Sport,VITAR Sport platform / SBU decision,separate_review,separate_review,52,separate_vitar_sport_review,Enervit,Vitar,Sport / VITAR Sport SBU,Energetické nápoje,EN96540,,,https://www.vitar.cz/energeticke-napoje/,
VITAR Sport,VITAR Sport platform / SBU decision,separate_review,separate_review,52,separate_vitar_sport_review,Enervit,Vitar,Sport / VITAR Sport SBU,Iontový nápoj,EN1017,,,https://www.vitar.cz/iontovy-napoj/,
VITAR Sport,VITAR Sport platform / SBU decision,separate_review,separate_review,52,separate_vitar_sport_review,Enervit,Vitar,Sport / VITAR Sport SBU,Proteinové nápoje,EN92702,,,https://www.vitar.cz/proteinove-napoje/,
VITAR Sport,VITAR Sport platform / SBU decision,separate_review,separate_review,52,separate_vitar_sport_review,Enervit,Vitar,Sport / VITAR Sport SBU,Regenerační nápoje,EN1130,,,https://www.vitar.cz/regeneracni-napoje/,
VITAR.cz B2C/D2C,New VITAR.cz commerce platform,ready,ready,96,keep_in_main_pim,Vitar,Vitar,Nápoje a pitný režim,Vitar Rehydratace Active + probiotika sypká směs,43601003,8595011144949,,https://www.vitar.cz/vitar-rehydratace-active-probiotika-sypka-smes/,https://www.nasevitaminy.cz/vitar-rehydratace-active-probiotika-sypka-smes
VITAR.cz B2C/D2C,New VITAR.cz commerce platform,ready,ready,96,keep_in_main_pim,Vitar,Vitar,Nápoje a pitný režim,Vitar Rehydratace Active + probiotika šumivé tablety,41201001,8595011145915,,https://www.vitar.cz/vitar-rehydratace-active-probiotika-sumive-tablety/,https://www.nasevitaminy.cz/vitar-rehydratace-active-probiotika-sumive-tablety
VITAR Sport,VITAR Sport platform / SBU decision,separate_review,separate_review,37,separate_vitar_sport_review,Enervit,Vitar,Sport / VITAR Sport SBU,Aminokyseliny,EN92730,,,https://www.vitar.cz/aminokyseliny-enervit/,
VITAR Sport,VITAR Sport platform / SBU decision,separate_review,separate_review,52,separate_vitar_sport_review,Enervit,Vitar,Sport / VITAR Sport SBU,Energetické gely,EN1020,,,https://www.vitar.cz/energeticke-gely/,
VITAR Sport,VITAR Sport platform / SBU decision,separate_review,separate_review,37,separate_vitar_sport_review,Enervit,Vitar,Sport / VITAR Sport SBU,Energetické tyčinky,EN1128,,,https://www.vitar.cz/energeticke-tycinky/,
VITAR Sport,VITAR Sport platform / SBU decision,separate_review,separate_review,47,separate_vitar_sport_review,Vitar,Vitar,Sport / VITAR Sport SBU,Kompresní bandáže,RB007,,,https://www.vitar.cz/kompresni-bandaze/,
VITAR Sport,VITAR Sport platform / SBU decision,separate_review,separate_review,47,separate_vitar_sport_review,Vitar,Vitar,Sport / VITAR Sport SBU,Kompresní kraťasy,RB006,,,https://www.vitar.cz/kompresni-kratasy/,
VITAR Sport,VITAR Sport platform / SBU decision,separate_review,separate_review,47,separate_vitar_sport_review,ROYAL BAY,Vitar,Sport / VITAR Sport SBU,Kompresní lýtkové návleky,RB002,,,https://www.vitar.cz/kompresni-lytkove-navleky/,
VITAR Sport,VITAR Sport platform / SBU decision,separate_review,separate_review,47,separate_vitar_sport_review,ROYAL BAY,Vitar,Sport / VITAR Sport SBU,Kompresní pažní návleky,RB004,,,https://www.vitar.cz/kompresni-pazni-navleky/,
VITAR Sport,VITAR Sport platform / SBU decision,separate_review,separate_review,47,separate_vitar_sport_review,ROYAL BAY,Vitar,Sport / VITAR Sport SBU,Kompresní podkolenky,RB001,,,https://www.vitar.cz/kompresni-podkolenky/,
VITAR Sport,VITAR Sport platform / SBU decision,separate_review,separate_review,47,separate_vitar_sport_review,Vitar,Vitar,Sport / VITAR Sport SBU,Kompresní stehenní návleky,RB005,,,https://www.vitar.cz/kompresni-stehenni-navleky/,
VITAR Sport,VITAR Sport platform / SBU decision,separate_review,separate_review,37,separate_vitar_sport_review,Enervit,Vitar,Sport / VITAR Sport SBU,Proteinové tyčinky,EN97900,,,https://www.vitar.cz/proteinove-tycinky-enervit/,
VITAR Sport,VITAR Sport platform / SBU decision,separate_review,separate_review,47,separate_vitar_sport_review,ROYAL BAY,Vitar,Sport / VITAR Sport SBU,Sportovní ponožky,RB003,,,https://www.vitar.cz/sportovni-ponozky/,
VITAR.cz B2C/D2C,New VITAR.cz commerce platform,ready,ready,88,keep_in_main_pim,Vitar,Vitar,"Energie, stres, spánek",Vitamin B12 - bez cukru,41300004,8595011146462,,https://www.vitar.cz/vitamin-b12-bez-cukru/,https://www.nasevitaminy.cz/vitamin-b12-bez-cukru-20-4-eff-tbl
VITAR.cz B2C/D2C,New VITAR.cz commerce platform,ready,ready,88,keep_in_main_pim,Vitar,Vitar,Imunita a nachlazení,Multivitamin - bez cukru - šumivé tablety,41300007,8595011104387,,https://www.vitar.cz/multivitamin-bez-cukru/,https://www.nasevitaminy.cz/multivitamin-bez-cukru
VITAR.cz B2C/D2C,New VITAR.cz commerce platform,ready,ready,100,keep_in_main_pim,Vitar,Vitar,Sladidla,Vitamin C - bez cukru - šumivé tablety,41300006,8595011104356,,https://www.vitar.cz/vitamin-c-bez-cukru/,https://www.nasevitaminy.cz/vitamin-c-bez-cukru
VITAR.cz B2C/D2C,New VITAR.cz commerce platform,enrich_from_other_source,review,83,keep_in_main_pim,Vitar,Vitar,Srdce a oběh,Vitar Koenzym Q10 (100 mg) + vitamin E + selen + thiamin,42300502,8595011140569,form,https://www.vitar.cz/vitar-koenzym-q10-100-mg-vitamin-e-selen-thiamin/,https://www.nasevitaminy.cz/vitar-koenzym-q10-100-mg-vitamin-e-selen-thiamin
VITAR.cz B2C/D2C,New VITAR.cz commerce platform,enrich_from_other_source,review,83,keep_in_main_pim,Vitar,Vitar,Srdce a oběh,Vitar Koenzym Q10 (60 mg) + vitamin E + selen + thiamin,42300501,8595011140545,form,https://www.vitar.cz/vitar-koenzym-q10-60-mg-vitamin-e-selen-thiamin/,https://www.nasevitaminy.cz/vitar-koenzym-q10-60-mg-vitamin-e-selen-thiamin
VITAR.cz B2C/D2C,New VITAR.cz commerce platform,enrich_from_other_source,review,83,keep_in_main_pim,Vitar Eko,Vitar Eko,Hořčík a minerály,Vitar EKO Hořčík Aquamin Mg,42300401,8595011138016,form,https://www.vitar.cz/vitar-eko-horcik-aquamin-mg/,https://www.nasevitaminy.cz/vitar-eko-horcik-aquamin-mg
VITAR.cz B2C/D2C,New VITAR.cz commerce platform,enrich_from_other_source,review,83,keep_in_main_pim,Vitar Eko,Vitar Eko,Hořčík a minerály,Vitar EKO Vitamin D3 1000 IU,42300409,8595011141658,form,https://www.vitar.cz/vitar-eko-vitamin-d3/,https://www.nasevitaminy.cz/vitar-eko-vitamin-d3-1000-iu
VITAR.cz B2C/D2C,New VITAR.cz commerce platform,enrich_from_other_source,review,83,keep_in_main_pim,Vitar Eko,Vitar Eko,Imunita a nachlazení,Vitar EKO Hlíva ústřičná,42300413,8595011143294,form,https://www.vitar.cz/vitar-eko-hliva-ustricna/,https://www.nasevitaminy.cz/vitar-eko-hliva-ustricna
VITAR.cz B2C/D2C,New VITAR.cz commerce platform,enrich_from_other_source,review,83,keep_in_main_pim,Vitar Eko,Vitar Eko,Imunita a nachlazení,Vitar EKO Probiotika forte,42300402,8595011138047,form,https://www.vitar.cz/vitar-eko-probiotika-forte/,https://www.nasevitaminy.cz/vitar-eko-probiotika-forte
VITAR.cz B2C/D2C,New VITAR.cz commerce platform,enrich_from_other_source,ready,93,keep_in_main_pim,Vitar Eko,Vitar Eko,Imunita a nachlazení,Vitar EKO Vitamin C 500 mg,42300404,8595011138184,form,https://www.vitar.cz/vitar-eko-vitamin-c-500-mg/,https://www.nasevitaminy.cz/vitar-eko-vitamin-c-500-mg
VITAR.cz B2C/D2C,New VITAR.cz commerce platform,enrich_from_other_source,review,79,keep_in_main_pim,Vitar Eko,Vitar Eko,Klouby a pohyb,Vitar EKO Kolagen forte,42300400,8595011137989,form,https://www.vitar.cz/vitar-eko-kolagen-forte/,https://www.nasevitaminy.cz/vitar-eko-kolagen-forte
VITAR.cz B2C/D2C,New VITAR.cz commerce platform,enrich_from_other_source,review,71,keep_in_main_pim,Vitar Eko,Vitar Eko,"Energie, stres, spánek",Vitar EKO B-komplex forte,42300403,8595011138153,form,https://www.vitar.cz/vitar-eko-b-komplex-forte/,https://www.nasevitaminy.cz/vitar-eko-b-komplex-forte
VITAR.cz B2C/D2C,New VITAR.cz commerce platform,enrich_from_other_source,review,83,keep_in_main_pim,Vitar Eko,Vitar Eko,Trávení a detox,Vitar EKO Betakaroten,42300408,8595011141672,form,https://www.vitar.cz/vitar-eko-betakaroten/,https://www.nasevitaminy.cz/vitar-eko-betakaroten
VITAR.cz B2C/D2C,New VITAR.cz commerce platform,enrich_from_other_source,review,83,keep_in_main_pim,Vitar Eko,Vitar Eko,Trávení a detox,Vitar EKO Detox silná dávka,42300405,8595011138214,form,https://www.vitar.cz/vitar-eko-detox-silna-davka/,https://www.nasevitaminy.cz/vitar-eko-detox-silna-davka
VITAR.cz B2C/D2C,New VITAR.cz commerce platform,ready,ready,96,keep_in_main_pim,Vitar Eko,Vitar Eko,Trávení a detox,Vitar EKO Ginkgo biloba + zelený čaj,42300418,8595011148886,,,https://www.nasevitaminy.cz/vitar-ginkgo-biloba-zel-caj-60-kapsli-eko
VITAR.cz B2C/D2C,New VITAR.cz commerce platform,ready,ready,90,keep_in_main_pim,Vitar Eko,Vitar Eko,Trávení a detox,Vitar EKO Ginkgo biloba forte + zelený čaj,42300418,8595011140217,,https://www.vitar.cz/vitar-eko-ginkgo-biloba/,
VITAR.cz B2C/D2C,New VITAR.cz commerce platform,enrich_from_other_source,review,79,keep_in_main_pim,Vitar Eko,Vitar Eko,Trávení a detox,Vitar EKO Kurkuma + ostropestřec mariánský,42300415,8595011143553,form,https://www.vitar.cz/vitar-eko-kurkuma-ostropestrec-mariansky/,https://www.nasevitaminy.cz/vitar-eko-kurkuma-ostropestrec-mariansky
VITAR.cz B2C/D2C,New VITAR.cz commerce platform,review,review,83,keep_in_main_pim,Vitar Kids,Vitar Kids,Imunita a nachlazení,Vitar Kids Multi želé DUOPACK,44000105,8595011147056,,,https://www.nasevitaminy.cz/vitar-kids-multi-zele-duopack-2-x-50-zele
VITAR.cz B2C/D2C,New VITAR.cz commerce platform,enrich_from_other_source,review,81,keep_in_main_pim,Vitar Kids,Vitar Kids,Imunita a nachlazení,Vitar Kids Multivitamin,44000115,8595011143102,form,https://www.vitar.cz/vitar-kids-multivitamin/,https://www.nasevitaminy.cz/vitar-kids-multivitamin
VITAR.cz B2C/D2C,New VITAR.cz commerce platform,enrich_from_other_source,review,81,keep_in_main_pim,Vitar Kids,Vitar Kids,Imunita a nachlazení,Vitar Kids Multivitamin + kolostrum,44000107,8595011143089,form,https://www.vitar.cz/vitar-kids-multivitamin-kolostrum/,https://www.nasevitaminy.cz/vitar-kids-multivitamin-kolostrum
VITAR.cz B2C/D2C,New VITAR.cz commerce platform,ready,ready,92,keep_in_main_pim,Vitar Kids,Vitar Kids,Imunita a nachlazení,Vitar Kids Multivitamin + kolostrum DUOPACK,44000106,8595011147070,,,https://www.nasevitaminy.cz/vitar-kids-multi-kolostr-um-duopack-2-x-45-tbl
VITAR.cz B2C/D2C,New VITAR.cz commerce platform,enrich_from_other_source,ready,93,keep_in_main_pim,Vitar Kids,Vitar Kids,Děti,Vitar Kids Omega 3 + vitaminy D3 a E,44000101,8595011143041,form,https://www.vitar.cz/vitar-kids-omega-3-vitaminy-d3-a-e/,https://www.nasevitaminy.cz/vitar-kids-omega-3-vitaminy-d3-a-e
VITAR.cz B2C/D2C,New VITAR.cz commerce platform,ready,ready,100,keep_in_main_pim,Vitar Kids,Vitar Kids,Děti,Vitar Kids Probiotika,44000110,8595011147223,,https://www.vitar.cz/vitar-kids-probiotika/,https://www.nasevitaminy.cz/vitar-kids-probiotika-20-stick
VITAR.cz B2C/D2C,New VITAR.cz commerce platform,ready,ready,88,keep_in_main_pim,Vitar Kids,Vitar Kids,Imunita a nachlazení,Vitar Kids Multivitamin želé,44000108,8595011143065,,https://www.vitar.cz/vitar-kids-multivitamin-zele/,https://www.nasevitaminy.cz/vitar-kids-multivitamin-zele
VITAR.cz B2C/D2C,New VITAR.cz commerce platform,ready,ready,96,keep_in_main_pim,Vitar Kids,Vitar Kids,Imunita a nachlazení,Vitar Kids Betaglukany + D3,44000112,8595011148169,,https://www.vitar.cz/vitar-kids-betaglukan-multivitamin/,https://www.nasevitaminy.cz/vitar-kids-betaglukany-d3-60-tbl-doza
VITAR.cz B2C/D2C,New VITAR.cz commerce platform,ready,ready,92,keep_in_main_pim,Vitar Kings,Vitar Kings,"Energie, stres, spánek",Vitar Kings LIPOMAGNE + B komplex,42201032,8595011148220,,https://www.vitar.cz/vitar-kings-lipomagne-b-komplex/,https://www.nasevitaminy.cz/vitar-kings-lipomagne-b-komplex-60-cps-blistr
VITAR.cz B2C/D2C,New VITAR.cz commerce platform,ready,ready,92,keep_in_main_pim,Vitar Kings,Vitar Kings,"Energie, stres, spánek",Vitar Kings LIPOMAGNE + B komplex sypká směs,43201001,8595011148534,,https://www.vitar.cz/vitar-kings-lipomagne-b-komplex-stick-pack/,https://www.nasevitaminy.cz/vitar-kings-lipomagne-b-komplex-20-stick
VITAR.cz B2C/D2C,New VITAR.cz commerce platform,ready,ready,100,keep_in_main_pim,Vyprošťovák,Vyprošťovák,Vyprošťovák,Vyprošťovák Active - šumivé tablety,41200033,8595011133660,,https://www.vitar.cz/vyprostovak-active/,https://www.nasevitaminy.cz/vyprostovak-active
VITAR.cz B2C/D2C,New VITAR.cz commerce platform,enrich_from_other_source,ready,89,keep_in_main_pim,Vyprošťovák,Vyprošťovák,Vyprošťovák,Vyprošťovák Forte,43200015,8595011133509,form,https://www.vitar.cz/vyprostovak-forte/,https://www.nasevitaminy.cz/vyprostovak-forte
VITAR.cz B2C/D2C,New VITAR.cz commerce platform,ready,ready,96,keep_in_main_pim,Vyprošťovák,Vyprošťovák,Vyprošťovák,Vyprošťovák Restart - šumivé tablety,41200010,8595011105421,,https://www.vitar.cz/vyprostovak-restart-1382/,https://www.nasevitaminy.cz/vyprostovak-restart
VITAR.cz B2C/D2C,New VITAR.cz commerce platform,enrich_from_other_source,review,83,keep_in_main_pim,eMVe,eMVe,Hořčík a minerály,eMVe Hořčík + vitamin C a B6,42300201,8595011113549,form,https://www.vitar.cz/emve-horcik-vitamin-c-a-b6/,https://www.nasevitaminy.cz/emve-horcik-vitamin-c-a-b6
VITAR.cz B2C/D2C,New VITAR.cz commerce platform,enrich_from_other_source,review,83,keep_in_main_pim,eMVe,eMVe,Hořčík a minerály,eMVe Magnézium,42300209,8595011135176,form,https://www.vitar.cz/emve-vapnik-horcik-zinek-vitaminy-c-d3-a-k1/,https://www.nasevitaminy.cz/emve-vapnik-horcik-zinek-vitaminy-c-d3-a-k1
VITAR.cz B2C/D2C,New VITAR.cz commerce platform,enrich_from_other_source,review,79,keep_in_main_pim,eMVe,eMVe,Hořčík a minerály,eMVe Magnézium 200 mg + B6,42300204,8595011128482,form,https://www.vitar.cz/emve-magnezium-200-mg-b6/,https://www.nasevitaminy.cz/emve-magnezium-200-mg-b6
VITAR.cz B2C/D2C,New VITAR.cz commerce platform,enrich_from_other_source,review,79,keep_in_main_pim,eMVe,eMVe,Imunita a nachlazení,eMVe Multivitamin,42300205,8595011128406,form,https://www.vitar.cz/emve-multivitamin/,https://www.nasevitaminy.cz/emve-multivitamin
VITAR.cz B2C/D2C,New VITAR.cz commerce platform,enrich_from_other_source,review,83,keep_in_main_pim,eMVe,eMVe,Imunita a nachlazení,eMVe Vitamin C,42300203,8595011113518,form,https://www.vitar.cz/emve-vitamin-c/,https://www.nasevitaminy.cz/emve-vitamin-c
VITAR.cz B2C/D2C,New VITAR.cz commerce platform,enrich_from_other_source,review,83,keep_in_main_pim,eMVe,eMVe,Imunita a nachlazení,eMVe Vitamin C,42300206,8595011128451,form,https://www.vitar.cz/emve-vitamin-c-180-mg/,https://www.nasevitaminy.cz/emve-vitamin-c-180-mg
VITAR.cz B2C/D2C,New VITAR.cz commerce platform,enrich_from_other_source,review,79,keep_in_main_pim,eMVe,eMVe,Srdce a oběh,eMVe Multivita,42300202,8595011113389,form,https://www.vitar.cz/emve-multivita/,https://www.nasevitaminy.cz/emve-multivita
VITAR Veterina,Dedicated VITAR Veterina e-shop / domain TBD,enrich_from_other_source,separate_review,75,separate_veterinae,Vitar Veterinae,Vitar Veterinae,Klouby a pohyb,VITAR Veterinae ArtiVit Pegas Forte 7,50301016,8595011134643,form,https://www.vitar.cz/vitar-veterinae-artivit-pegas-forte-7/,https://www.nasevitaminy.cz/vitar-veterinae-artivit-pegas-forte-7-700g
VITAR Veterina,Dedicated VITAR Veterina e-shop / domain TBD,separate_review,separate_review,75,separate_veterinae,Vitar Veterinae,Vitar Veterinae,Klouby a pohyb,VITAR Veterinae Artivit sirup 1000 ml,50301012,8595011130584,,,https://www.nasevitaminy.cz/vitar-veterinae-artivit-sirup-1000ml
VITAR Veterina,Dedicated VITAR Veterina e-shop / domain TBD,separate_review,separate_review,75,separate_veterinae,Vitar Veterinae,Vitar Veterinae,Klouby a pohyb,VITAR Veterinae Artivit sirup 200 ml,50301001,8595011125429,,,https://www.nasevitaminy.cz/vitar-veterinae-artivit-sirup-200-ml-2
VITAR Veterina,Dedicated VITAR Veterina e-shop / domain TBD,separate_review,separate_review,75,separate_veterinae,Vitar Veterinae,Vitar Veterinae,Klouby a pohyb,VITAR Veterinae Balíček ArtiVit sirup 500 ml + cestovní miska ZDARMA,50303031,8595011146905,,,https://www.nasevitaminy.cz/balicek-artivit-sir-500-ml-cestovni-miska-2
VITAR Veterina,Dedicated VITAR Veterina e-shop / domain TBD,separate_review,separate_review,75,separate_veterinae,Vitar Veterinae,Vitar Veterinae,Klouby a pohyb,VITAR Veterinae balíček Artivit sirup + DentOn + Lososový olej,50303021,8595011144406,,,https://www.nasevitaminy.cz/balicek-artivit-sir-1000-ml-denton100g-losos-olej-2
VITAR Veterina,Dedicated VITAR Veterina e-shop / domain TBD,separate_review,separate_review,75,separate_veterinae,Vitar Veterinae,Vitar Veterinae,Klouby a pohyb,VITAR Veterinae balíček Artivit sirup 200 ml + DentOn 50 g,50303001,8595011137309,,,https://www.nasevitaminy.cz/balicek-artivit-sirup-200-denton-50
VITAR Veterina,Dedicated VITAR Veterina e-shop / domain TBD,separate_review,separate_review,75,separate_veterinae,Vitar Veterinae,Vitar Veterinae,Klouby a pohyb,VITAR Veterinae balíček Artivit sirup 500 ml + Lososový olej 200 ml,50303020,8595011144390,,,https://www.nasevitaminy.cz/balicek-artivit-sirup500-ml-lososovy-olej-200-ml
VITAR Veterina,Dedicated VITAR Veterina e-shop / domain TBD,separate_review,separate_review,75,separate_veterinae,Vitar Veterinae,Vitar Veterinae,Klouby a pohyb,Vitar Veterinae ArtiVit Pegas MSM,50301015,8595011132366,,https://www.vitar.cz/vitar-veterinae-artivit-pegas-msm/,https://www.nasevitaminy.cz/vitar-veterinae-artivit-pegas-msm-smes-720g
VITAR Veterina,Dedicated VITAR Veterina e-shop / domain TBD,separate_review,separate_review,75,separate_veterinae,Vitar Veterinae,Vitar Veterinae,Klouby a pohyb,Vitar Veterinae Artivit Forte sypká směs / 70 g,50301003,8595011125467,,,https://www.nasevitaminy.cz/vitar-veterinae-artivit-forte-sypka-smes-70-g
VITAR Veterina,Dedicated VITAR Veterina e-shop / domain TBD,separate_review,separate_review,75,separate_veterinae,Vitar Veterinae,Vitar Veterinae,Klouby a pohyb,Vitar Veterinae Artivit Forte sypká směs /400g,50301004,8595011125481,,,https://www.nasevitaminy.cz/vitar-veterinae-artivit-forte-sypka-smes-400g
VITAR Veterina,Dedicated VITAR Veterina e-shop / domain TBD,separate_review,separate_review,75,separate_veterinae,Vitar Veterinae,Vitar Veterinae,Klouby a pohyb,Vitar Veterinae Artivit Forte sypká směs/600g,50301005,8595011125504,,,https://www.nasevitaminy.cz/vitar-veterinae-artivit-forte-sypka-smes-600g
VITAR Veterina,Dedicated VITAR Veterina e-shop / domain TBD,separate_review,separate_review,75,separate_veterinae,Vitar Veterinae,Vitar Veterinae,Veterinae a zvířata,VITAR Veterinae Artivit sirup 500 ml,50301002,8595011125443,,,https://www.nasevitaminy.cz/vitar-veterinae-artivit-sirup-500-ml-2
VITAR Veterina,Dedicated VITAR Veterina e-shop / domain TBD,separate_review,separate_review,75,separate_veterinae,Vitar Veterinae,Vitar Veterinae,Veterinae a zvířata,VITAR Veterinae DentON sypká směs 100 g,50301014,8595011131864,,,https://www.nasevitaminy.cz/vitar-veterinae-denton-sypka-smes-100g
VITAR Veterina,Dedicated VITAR Veterina e-shop / domain TBD,separate_review,separate_review,75,separate_veterinae,Vitar Veterinae,Vitar Veterinae,Veterinae a zvířata,VITAR Veterinae DentON sypká směs 50 g,50301013,8595011131840,,,https://www.nasevitaminy.cz/vitar-veterinae-denton-sypka-smes-50g
VITAR Veterina,Dedicated VITAR Veterina e-shop / domain TBD,separate_review,separate_review,75,separate_veterinae,Vitar Veterinae,Vitar Veterinae,Veterinae a zvířata,VITAR Veterinae GasterON SYMBIO,50301018,8595011144536,,https://www.vitar.cz/vitar-veterinae-gasteron-symbio/,https://www.nasevitaminy.cz/vitar-veterinae-gasteron-symbio-28-g-doza
VITAR Veterina,Dedicated VITAR Veterina e-shop / domain TBD,separate_review,separate_review,75,separate_veterinae,Vitar Veterinae,Vitar Veterinae,Veterinae a zvířata,VITAR Veterinae Konopný olej,00000026,,,https://www.vitar.cz/vitar-veterinae-konopny-olej/,
VITAR Veterina,Dedicated VITAR Veterina e-shop / domain TBD,separate_review,separate_review,75,separate_veterinae,Vitar Veterinae,Vitar Veterinae,Veterinae a zvířata,VITAR Veterinae Konopný olej (1000 ml),50300009,8595011144116,,,https://www.nasevitaminy.cz/vitar-veterinae-konopny-olej-1000-ml
VITAR Veterina,Dedicated VITAR Veterina e-shop / domain TBD,separate_review,separate_review,75,separate_veterinae,Vitar Veterinae,Vitar Veterinae,Veterinae a zvířata,VITAR Veterinae Konopný olej (200 ml),50300007,8595011144079,,,https://www.nasevitaminy.cz/vitar-veterinae-konopny-olej-200-ml
VITAR Veterina,Dedicated VITAR Veterina e-shop / domain TBD,separate_review,separate_review,75,separate_veterinae,Vitar Veterinae,Vitar Veterinae,Veterinae a zvířata,VITAR Veterinae Konopný olej (500 ml),50300008,8595011144093,,,https://www.nasevitaminy.cz/vitar-veterinae-konopny-olej-500-ml
VITAR Veterina,Dedicated VITAR Veterina e-shop / domain TBD,separate_review,separate_review,75,separate_veterinae,Vitar Veterinae,Vitar Veterinae,Veterinae a zvířata,VITAR Veterinae Lněný olej,00000028,,,https://www.vitar.cz/vitar-veterinae-lneny-olej/,
VITAR Veterina,Dedicated VITAR Veterina e-shop / domain TBD,separate_review,separate_review,75,separate_veterinae,Vitar Veterinae,Vitar Veterinae,Veterinae a zvířata,VITAR Veterinae Lněný olej (1000 ml),50300006,8595011144055,,,https://www.nasevitaminy.cz/vitar-veterinae-lneny-olej-1000-ml
VITAR Veterina,Dedicated VITAR Veterina e-shop / domain TBD,separate_review,separate_review,75,separate_veterinae,Vitar Veterinae,Vitar Veterinae,Veterinae a zvířata,VITAR Veterinae Lněný olej (200 ml),50300004,8595011144017,,,https://www.nasevitaminy.cz/vitar-veterinae-lneny-olej-200-ml
VITAR Veterina,Dedicated VITAR Veterina e-shop / domain TBD,separate_review,separate_review,75,separate_veterinae,Vitar Veterinae,Vitar Veterinae,Veterinae a zvířata,VITAR Veterinae Lněný olej (500 ml),50300005,8595011144031,,,https://www.nasevitaminy.cz/vitar-veterinae-lneny-olej-500-ml
VITAR Veterina,Dedicated VITAR Veterina e-shop / domain TBD,separate_review,separate_review,75,separate_veterinae,Vitar Veterinae,Vitar Veterinae,Veterinae a zvířata,VITAR Veterinae Lososový olej,00000025,,,https://www.vitar.cz/vitar-veterinae-lososovy-olej/,
VITAR Veterina,Dedicated VITAR Veterina e-shop / domain TBD,separate_review,separate_review,75,separate_veterinae,Vitar Veterinae,Vitar Veterinae,Veterinae a zvířata,VITAR Veterinae Lososový olej (1000 ml),50300003,8595011143997,,,https://www.nasevitaminy.cz/vitar-veterinae-lososovy-olej-1000-ml
VITAR Veterina,Dedicated VITAR Veterina e-shop / domain TBD,separate_review,separate_review,75,separate_veterinae,Vitar Veterinae,Vitar Veterinae,Veterinae a zvířata,VITAR Veterinae Lososový olej (200 ml),50300001,8595011143959,,,https://www.nasevitaminy.cz/vitar-veterinae-lososovy-olej-200-ml
VITAR Veterina,Dedicated VITAR Veterina e-shop / domain TBD,separate_review,separate_review,75,separate_veterinae,Vitar Veterinae,Vitar Veterinae,Veterinae a zvířata,VITAR Veterinae Lososový olej (500 ml),50300002,8595011143973,,,https://www.nasevitaminy.cz/vitar-veterinae-lososovy-olej-500-ml
VITAR Veterina,Dedicated VITAR Veterina e-shop / domain TBD,separate_review,separate_review,75,separate_veterinae,Vitar Veterinae,Vitar Veterinae,Veterinae a zvířata,VITAR Veterinae Mineral Forte sypká směs 500 g,50301007,8595011125580,,,https://www.nasevitaminy.cz/vitar-veterinae-mineral-forte-sypka-smes-500g
VITAR Veterina,Dedicated VITAR Veterina e-shop / domain TBD,separate_review,separate_review,75,separate_veterinae,Vitar Veterinae,Vitar Veterinae,Veterinae a zvířata,VITAR Veterinae Mineral Forte sypká směs 80 g,50301006,8595011125566,,,https://www.nasevitaminy.cz/vitar-veterinae-mineral-forte-sypka-smes-80g
VITAR Veterina,Dedicated VITAR Veterina e-shop / domain TBD,separate_review,separate_review,75,separate_veterinae,Vitar Veterinae,Vitar Veterinae,Veterinae a zvířata,VITAR Veterinae Minerál Forte sypká směs 800 g,50301008,8595011125603,,,https://www.nasevitaminy.cz/vitar-veterinae-mineral-forte-sypka-smes-800g
VITAR Veterina,Dedicated VITAR Veterina e-shop / domain TBD,separate_review,separate_review,75,separate_veterinae,Vitar Veterinae,Vitar Veterinae,Veterinae a zvířata,VITAR Veterinae Multivit Forte želé,50301009,8595011125627,,https://www.vitar.cz/vitar-veterinae-multivitamin-forte/,https://www.nasevitaminy.cz/vitar-veterinae-multivit-forte-zele-40ks
VITAR Veterina,Dedicated VITAR Veterina e-shop / domain TBD,separate_review,separate_review,75,separate_veterinae,Vitar Veterinae,Vitar Veterinae,Veterinae a zvířata,VITAR Veterinae Ostropestřec olej,00000027,,,https://www.vitar.cz/vitar-veterinae-ostropestrec-olej/,
VITAR Veterina,Dedicated VITAR Veterina e-shop / domain TBD,separate_review,separate_review,75,separate_veterinae,Vitar Veterinae,Vitar Veterinae,Veterinae a zvířata,VITAR Veterinae Ostropestřec olej (1000 ml),50300012,8595011144178,,,https://www.nasevitaminy.cz/vitar-veterinae-ostropestrec-olej-1000-ml
VITAR Veterina,Dedicated VITAR Veterina e-shop / domain TBD,separate_review,separate_review,75,separate_veterinae,Vitar Veterinae,Vitar Veterinae,Veterinae a zvířata,VITAR Veterinae Ostropestřec olej (200 ml),50300010,8595011144130,,,https://www.nasevitaminy.cz/vitar-veterinae-ostropestrec-olej-200-ml
VITAR Veterina,Dedicated VITAR Veterina e-shop / domain TBD,separate_review,separate_review,75,separate_veterinae,Vitar Veterinae,Vitar Veterinae,Veterinae a zvířata,VITAR Veterinae Ostropestřec olej (500 ml),50300011,8595011144154,,,https://www.nasevitaminy.cz/vitar-veterinae-ostropestrec-olej-500-ml
VITAR Veterina,Dedicated VITAR Veterina e-shop / domain TBD,separate_review,separate_review,75,separate_veterinae,Vitar Veterinae,Vitar Veterinae,Veterinae a zvířata,Vitar Veterinae ArtiVit Forte prášek,"45000003, 45000004, 45000005",,,https://www.vitar.cz/vitar-veterinae-artivit-forte-prasek/,
VITAR Veterina,Dedicated VITAR Veterina e-shop / domain TBD,separate_review,separate_review,75,separate_veterinae,Vitar Veterinae,Vitar Veterinae,Veterinae a zvířata,Vitar Veterinae ArtiVit sirup,00000016,,,https://www.vitar.cz/vitar-veterinae-artivit-sirup/,
VITAR Veterina,Dedicated VITAR Veterina e-shop / domain TBD,separate_review,separate_review,75,separate_veterinae,Vitar Veterinae,Vitar Veterinae,Veterinae a zvířata,Vitar Veterinae DentON,00000014,,,https://www.vitar.cz/vitar-veterinae-denton/,
VITAR Veterina,Dedicated VITAR Veterina e-shop / domain TBD,separate_review,separate_review,75,separate_veterinae,Vitar Veterinae,Vitar Veterinae,Veterinae a zvířata,Vitar Veterinae Mineral Forte,00000013,,,https://www.vitar.cz/vitar-veterinae-mineral-forte/,
